"MSRB Number","Firm Name","EBS ID"
A4470,"CABRERA CAPITAL MARKETS, LLC",CABR
A1193,"RICHARDS, MERRILL & PETERSON INC.",RMPI
A5773,"TRADEWEB DIRECT LLC",TWDS
A6980,"ETC BROKERAGE SERVICES, LLC",ETCB
A5962,"JACQUES FINANCIAL LLC",JACF
A7076,"ALTERNA SECURITIES, INC.",ACTI
A6883,"INFINITY FINANCIAL SERVICES",NFTY
A2966,"RICE FINANCIAL PRODUCTS COMPANY",RICE
A2770,"TRADEUP SECURITIES, INC.",MRSC
A2873,"UNITED PLANNERS'FIN.SVC.OF AME",UPLN
A1555,"POPULAR SECURITIES, LLC",POPS
A6789,"GUGGENHEIM SECURITIES, LLC",LNKS
A0823,"KENSINGTON CAPITAL CORP.",KENS
A7236,"BROWNSTONE INVESTMENT GROUP, LLC",BIGG
A7428,"PAULSON INVESTMENT LLC",PICL
A6002,"RNR SECURITIES, L.L.C.",RNRS
A6330,"S.L. REED & COMPANY",SLRD
A7574,"BANORTE SECURITIES INTERNATIONAL LTD",BISI
A6808,"AVENTURA SECURITIES, LLC",AVEN
A3684,"WORLD INVESTMENTS, LLC",TFSS
A7050,"CALDWELL SUTTER CAPITAL, INC.",CALD
A7128,"VIRTU AMERICAS LLC",NITE
A0626,"HARTFIELD,TITUS & DONNELLY LLC",HFLD
A6969,"SECU BROKERAGE SERVICES",SEBS
A6013,"SENTINEL SECURITIES, INC.",SCTL
A5740,"SCOTT JAMES GROUP, INC.",SJGM
B0474,"WELLS FARGO BANK, N.A. MUNICIPAL FINANCE GROUP",WBNA
A2442,"INTERNATIONAL MONEY MANAGEMENT GROUP, INC",IMMG
B0027,"BOKF, NA",BOKL
A3666,"AMERICAN ENTERPRISE INVESTMENT SERVICES INC.",HRBF
A4320,"REGISTER FINANCIAL ASSOCIATES, INC.",REGR
A3500,"US BANCORP INVESTMENTS, INC.",FBSB
A2014,"REGAL SECURITIES, INC.",RGLD
A4446,"GLOBAL FINANCIAL SERVICES, LLC",GFSI
A2663,"AMERIPRISE FINANCIAL SERVICES, LLC",AEFA
A5070,"NAVAID FINANCIAL SERVICES, INC.",PHRS
A6410,"BUCKRAM SECURITIES LTD.",BUCS
A7614,"TRB CAPITAL MARKETS, LLC",ESTR
A7618,"STRONG CAPITAL MARKETS, LLC",SCAP
A5984,"WBB SECURITIES, LLC",WBBC
A2960,"WESTMINSTER FIN'L. SECS., INC.",WMFS
A0455,"OPPENHEIMER & CO. INC.",OPCO
A5860,"BRUCE A. LEFAVI SECURITIES, INC.",BALS
A7242,"BENCHMARK SECURITIES LLC",BMKS
A3944,"INVESTMENT PLACEMENT GROUP",IPGR
A4892,"A.BRIDGE-REALVEST SECURITIES CORP.",ABRV
A1036,"GARRETT NAGLE & CO., INC.",GARR
A5034,"THRIVENT INVESTMENT MANAGEMENT, INC.",AALC
A6366,"WELLS FARGO SECURITIES, LLC",WCHV
A1475,"MURIEL SIEBERT & CO., LLC",SBRT
A4047,"CONTINENTAL INVESTOR SERVICES",CONI
A6106,"CHELSEA FINANCIAL SERVICES",CFIN
A5833,"NEWBRIDGE SECURITIES CORPORATION",BRGE
A7118,"NI ADVISORS INC.",NIAD
A2272,"EQUITY SERVICES, INC.",EQSV
A7519,"BOFA SECURITIES, INC.",BOFA
A6577,"AOS, INC.",AOSD
A0147,"WILLIAM BLAIR & COMPANY, L.L.C.",WBNF
A5286,"PRUCO SECURITIES, LLC",PRUC
A7525,"CHURCHILL STATESIDE SECURITIES, LLC.",CSGA
A5164,"JOSEPH GUNNAR & CO. LLC",JGUN
A1313,"STIFEL, NICOLAUS & COMPANY,INC",CITY
A7517,"EMPOWER FINANCIAL SERVICES, INC.",MPWR
A2729,"GA REPPLE & COMPANY",REPP
A6670,"ANDES CAPITAL GROUP, LLC",ACGP
A4243,"SPENCER-WINSTON SECURITIES CO.",SPWI
A5065,"INVESTMENT PLANNERS, INC.",INPI
A5525,"HANTZ FINANCIAL SERVICES, INC.",HAFS
A1357,"THORNTON FARISH INC.",THFA
A7460,"STATE STREET GLOBAL MARKETS, LLC",SSLL
A7522,"FORTRESS PRIVATE LEDGER, LLC",FRTS
A6406,"MORGAN WILSHIRE SECURITIES, INC.",MWIL
B0368,"BANKERS' BANK INVESTMENT DEPT.",BBID
A5773,"TRADEWEB DIRECT LLC",TWDR
A0215,"JACK V BUTTERFIELD INVEST.",JVBF
A7175,"AURORA SECURITIES INC",ASII
A3712,"US SECURITIES INT'L, CORP",USIC
A7227,"PHX FINANCIAL, INC.",KCRD
A6202,"IDB CAPITAL CORP.",AJCO
A6415,"THE STRATEGIC FINANCIAL ALLIANCE, INC.",TSFA
A7631,"VAN CLEMENS & CO. INCORPORATED",VCFN
A2027,"SEAPORT SECURITIES CORPORATION",SEAP
A0438,"TRUIST SECURITIES, INC.",STCM
A6392,"DINOSAUR FINANCIAL GROUP, LLC",EGLE
A3613,"FIRST DALLAS SECURITIES, INC.",FDSI
A0251,"CARTY, HARDING & HEARN, INC.",CART
A6457,"OBEX SECURITIES LLC",OBEX
A7523,"SAN BLAS SECURITIES, LLC",SBLS
A7503,"TRUMID FINANCIAL LLC",TMID
A0365,"D.A. DAVIDSON & CO.",DADA
A7539,"MFR SECURITIES, INC",MFRS
A3303,"REALTA EQUITIES, INC.",COEI
A7132,"MBS CAPITAL MARKETS LLC",MBSL
A6581,"LIBERTY PARTNERS FINANCIAL SERVICES, LLC",LPFS
A0748,"SOUTHSTATE SECURITIES CORP.",DNWL
A7134,"MCDERMOTT INVESTMENT SERVICES, LLC",DMCD
A7644,"BLUEFIN CAPITAL MANAGEMENT, LLC",BFMA
A1436,"WEDBUSH SECURITIES INC.",WEDB
A6950,"HIGHTOWER SECURITIES, LLC",HTWR
A5874,"FINANCIAL TELESIS INC.",JWFS
A1012,"MORGAN STANLEY & CO. LLC",MSCO
A0117,"INTERCOASTAL CAPITAL MARKETS INC.",BNBB
A3567,"LUMENT SECURITIES, LLC",LANP
A7628,"MOMENTUS SECURITIES LLC",MOMS
A0860,"LADENBURG THALMANN & CO., INC",LTCO
A5874,"FINANCIAL TELESIS INC.",FTII
A7661,"HEG SECURITIES, LLC",HEGS
A7493,"MONEX SECURITIES, INC.",MONX
A1126,"PIPER SANDLER & CO.",PIPR
A2409,"NW CAPITAL MARKETS INC.",NWCM
A7338,"REGULUS FINANCIAL GROUP, LLC",REGL
A1375,"TRUBEE WEALTH ADVISORS, INC.",TRUB
A7033,"ODEON CAPITAL GROUP LLC",ODNC
A5064,"CAPITAL INVESTMENT BROKERAGE, INC.",CAPB
A6695,"SAMCO CAPITAL MARKETS, INC.",SRAM
A0069,"AUSDAL FINANCIAL PARTNERS, INC.",RBAC
A6576,"GAR WOOD SECURITIES, LLC",GWDS
A2447,"MOMENTUM INDEPENDENT NETWORK INC.",BTSS
A6676,"FNBB CAPITAL MARKETS, LLC",FCML
A7531,"ROBERTSON STEPHENS CAPITAL MARKETS, LLC",RSCM
A7142,"MSEC, LLC",MTSL
A5238,"PORT SECURITIES, INC.",LEMM
A0682,"INSIGHT SECURITIES, INC.",HORW
A7495,"AMERICAN VETERANS GROUP, PBC",VETS
A5273,"KESTRA INVESTMENT SERVICES, LLC",PSII
A7541,"ALPHALEDGER MARKETS, INC",ALCM
A5959,"NATALLIANCE SECURITIES, LLC",NASC
A1039,"NEUBERGER BERMAN BD LLC",NEUB
A5351,"FEDERATED SECURITIES, INC.",FEDR
A1172,"RAYMOND JAMES & ASSOC., INC.",RJFI
A6776,"INTEGRITY ALLIANCE, LLC",BIFS
A0360,"DARWOOD ASSOCIATES, INC.",DARA
A6979,"CAPITAL SYNERGY PARTNERS, INC.",CSPI
A6138,"AON SECURITIES LLC",AONC
A3412,"SMH CAPITAL INVESTMENTS LLC",WRIS
A4199,"RIEDL FIRST SECURITIES CO. OF KANSAS",RIED
A3572,"LIBERTY CAPITAL INVESTMENT CORPORATION",PURP
A6032,"ROGAN & ASSOCIATES, INC.",ADSD
A4916,"CORINTHIAN PARTNERS, L.L.C.",CPRC
A6692,"FORTUNE SECURITIES, INC.",FRTN
A5240,"FROST BROKERAGE SERVICES, INC.",CUFT
A1329,"COLLIERS SECURITIES LLC",DOTC
A4890,"NORTHERN CAPITAL SECURITIES CORPORATION",NORC
A7630,"OPENYIELD TRADING LLC",OYLD
A4229,"BLEY INVESTMENT GROUP, INC.",BLEY
A4589,"UMB FINANCIAL SERVICES, INC.",UMBF
A5434,"ADVISORS ASSET MANAGEMENT, INC.",FISB
A7604,"TCBI SECURITIES INC.",TCBI
A4786,"UNITED BROKERAGE SERVICES, INC.",UBSI
A2602,"T ROWE PRICE INVESTMENT SERVICES, INC.",PICE
A7401,"WEALTHFRONT BROKERAGE LLC",WFBC
A1847,"U.S. BANCORP ADVISORS, LLC",MKTI
A2689,"STONEX SECURITIES INC.",STXW
A1091,"UBS FINANCIAL SERVICES",PWJC
A6962,"TD SECURITIES (USA) LLC",ECUT
A0758,"ARTHUR W WOOD COMPANY",WOOD
A6114,"IBN FINANCIAL SERVICES, INC.",MRBA
A7428,"PAULSON INVESTMENT LLC",PAUL
A5582,"FINANCIAL SENSE SECURITIES, INC.",PUPL
A4571,"GREAT AMERICAN INVESTORS, INC.",GAII
A0862,"RF LAFFERTY AND CO., INC.",LAFF
A5508,"MIDWESTERN SECS TRADING CO LLC",MSTC
A7502,"KINGSWOOD CAPITAL PARTNERS, LLC",KNGW
A5767,"PREFERRED CLIENT GROUP, INC.",PFCG
A5374,"KR SECURITIES, LLC",KRCO
A6658,"JOSEPH GRACE",ETSB
A1893,"MML INVESTORS SERVICES, LLC",NESS
A7327,"STONEX FINANCIAL INC.",SALI
A7114,"COHEN & COMPANY SECURITIES, LLC",JVBG
A1852,"HOME FINANCIAL SERVICES, INC.",VOLS
A2966,"RICE FINANCIAL PRODUCTS COMPANY",RICJ
A3333,"R.M. DUNCAN SECURITIES, INC.",DCAN
A5560,"M HOLDINGS SECURITIES, INC.",MHFI
A1290,"HILLTOP SECURITIES INC.",SWST
A6429,"CANTOR FITZGERALD & CO.",CFCS
A6576,"GAR WOOD SECURITIES, LLC",GRWD
A7608,"PWA SECURITIES, LLC",PWAS
A0236,"CAPITAL INSTITUTIONAL SERVICES, INC.",CIST
A7075,"ARBOR RESEARCH & TRADING, LLC",CLRT
A4684,"KILEY PARTNERS, INC.",KCIX
A1418,"WALL STREET ACCESS",WABR
A4887,"SENTINEL BROKERS COMPANY",SEBR
A6574,"D. BORAL CAPITAL",DBCH
A2110,"AMERITAS INVESTMENT COMPANY, LLC",BLNI
A2790,"ROBERTS & RYAN INC.",RRII
A6419,"TP ICAP GLOBAL MARKETS AMERICAS LLC",GARC
A6029,"GVC CAPITAL LLC",BCPI
A0125,"SANFORD C BERNSTEIN & CO.,LLC",SBER
A0039,"AMUNI FINANCIAL INC.",AMMS
A0529,"THE FRAZER LANIER COMPANY, INCORPORATED",FLCO
A6343,"INSIGNEO SECURITIES , LLC",HBCO
A6912,"INTERACTIVE BROKERS LLC",IBKR
A7519,"BOFA SECURITIES, INC.",PRST
A7463,"HALO SECURITIES, LLC",HALO
A5948,"AXOS CLEARING LLC",AXCL
A2690,"EQUITABLE ADVISORS LLC.",AXAA
A7474,"QUINT CAPITAL CORPORATION",QCAP
A5405,"WORLD CHOICE SECURITIES, INC.",WCSF
A4167,"AMERICAN HERITAGE SECS., INC.",AHSI
A6253,"LEO BROKERAGE, LLC",BFTG
A7521,"ROCKEFELLER FINANCIAL LLC",ROCK
A5045,"A.G.P. / ALLIANCE GLOBAL PARTNERS CORP.",ALGP
A7480,"ICE BONDS SECURITIES CORPORATION",CTSC
A3989,"COKER & PALMER, INC.",COKE
A5671,"FLAGSTAR ADVISORS",SSGC
A2421,"MACK INVESTMENT SECURITIES, INC",MINV
A1942,"FIRST BANKERS' BANC SECURITIES, INC.",FLOU
A5706,"ALLSTATE FINANCIAL SVCS., LLC",LAGI
A2197,"WILSON PARKER CONNALLY STEPHENSON INC",GPCG
A4752,"LEIGH BALDWIN & CO., LLC",LEBO
A6564,"CIG SECURITIES, INC.",CIGC
A2857,"MARC J. LANE AND COMPANY",LANE
A7162,"POTOMAC INVESTMENT CO",POTO
A7551,"AE FINANCIAL SERVICES, LLC",AEFS
A7298,"FOUR POINTS CAPITAL PARTNERS LLC",AFSS
A6530,"CRESCENT SECURITIES GROUP, INC.",CAGI
A5689,"TRIDENT PARTNERS LTD.",TRIP
A1231,"ROTHSCHILD INVESTMENT LLC",RTHS
A5383,"PARK AVENUE SECURITIES",PASC
A0785,"JANNEY MONTGOMERY SCOTT LLC",JANY
A3698,"JW KORTH & COMPANY",KRTH
A6429,"CANTOR FITZGERALD & CO.",CANT
A7421,"WHARTON MIDMARKET SECURITIES INC.",WMMS
A6576,"GAR WOOD SECURITIES, LLC",GARW
A7269,"RAYMOND JAMES (USA) LTD.",RAJC
A3326,"MONEY CONCEPTS CAPITAL CORP",MNCC
A7654,"LIGHTSPEED FINANCIAL SERVICES GROUP LLC",LSPS
A2043,"BERNARDI SECURITIES, INC.",BNDI
A4831,"CELADON FINANCIAL GROUP, LLC",CPRM
A0117,"INTERCOASTAL CAPITAL MARKETS INC.",ICMI
A6522,"INVERNESS SECURITIES, LLC",TCGA
A6548,"DAWSON JAMES SECURITIES, INC.",DJSA
A7307,"SNOWDEN ACCOUNT SERVICES LLC",SNWS
A7007,"MORGAN STANLEY SMITH BARNEY LLC",DEAN
A7517,"EMPOWER FINANCIAL SERVICES, INC.",GWFS
A7662,"QUINCY WELLS CAPITAL, LLC",QWCA
A1963,"LPL ENTERPRISE, LLC",LPLE
A4154,"OFG FINANCIAL SERVICES, INC.",OFGF
A3682,"OAKWOOD CAPITAL SECURITIES, INC",GAFI
A1355,"THURSTON, SPRINGER, MILLER, HERD & TITAK, INC.",TMBI
A6968,"ALEXANDER CAPITAL, L.P.",ACLP
A6927,"XML SECURITIES, LLC",LAMA
A7579,"INSPEREX LLC",INCP
A0149,"STEWARD PARTNERS INVESTMENT SOLUTIONS, LLC",ATKC
A0976,"MERRILL LYNCH, PIERCE, FENNER",MLWM
A3490,"AEGIS CAPITAL CORP.",AGCP
A6759,"BEAR CREEK SECURITIES, LLC",BCRK
A0399,"PERSHING LLC",PERS
A6145,"FIRST COMMAND BROKERAGE SERVICES, INC.",FCFS
A7553,"HOOPOE CAPITAL MARKETS, LLC",HCMX
A6446,"AMERICAN TRUST INVESTMENT SERVICES",AMER
A7479,"BANCROFT CAPITAL, LLC",CROF
A4831,"CELADON FINANCIAL GROUP, LLC",SPLN
A6097,"PORTFOLIO RESOURCES GROUP, INC.",PRGI
A7606,"ELEQUIN SECURITIES, LLC",ELQN
A4071,"L.J. HART & COMPANY",LJHT
A5796,"WORLD CAPITAL BROKERAGE, INC.",AMRG
A0081,"THE BAKER GROUP LP",BAKR
A1765,"BERTHEL FISHER & CO.FIN.SERV.",BFCF
A5397,"WASHINGTON SECURITIES CORP.",WSCC
A5797,"INSTITUTIONAL SECURITIES CORP.",ISCN
A7502,"KINGSWOOD CAPITAL PARTNERS, LLC",KNGS
A4253,"HEROLD & LANTERN INVESTMENTS, INC.",LATN
A2210,"CAPITOL SECURITIES MANAGEMENT, INC.",CSCV
A0693,"HUNTINGTON SECURITIES, INC",HUTC
A6103,"NATIONWIDE PLANNING ASSOCIATES, INC",NPAI
A6446,"AMERICAN TRUST INVESTMENT SERVICES",ATIS
A6577,"AOS, INC.",BLOC
A2966,"RICE FINANCIAL PRODUCTS COMPANY",APEX
A3089,"MIDDLEGATE SECURITIES INC",MDGS
A2790,"ROBERTS & RYAN INC.",HONR
A5088,"LIEBLONG & ASSOCIATES, INC.",LASI
A6822,"CARY STREET PARTNERS LLC",CARY
A7594,"GREAT POINT CAPITAL, LLC",GPCA
A0797,"JOE JOLLY & CO., INC.",JJCO
A6739,"SUSQUEHANNA FINANCIAL GROUP, LLLP",SUFI
A1165,"SAMUEL A. RAMIREZ & COMPANY INC.",RREZ
A2014,"REGAL SECURITIES, INC.",RGLS
A5991,"SCOTTSDALE CAPITAL ADVISORS",SCAI
A6690,"INTEGRAL FINANCIAL LLC",INFI
A6991,"ROCKFLEET FINANCIAL SERVICES, INC.",RCKF
A7554,"BCI SECURITIES INC",BCIB
A4908,"DMK ADVISOR GROUP, INC",SAKL
A3290,"DOMINARI SECURITIES LLC",DSEC
A5964,"CORRELL CO. INVESTMENT SERVICES CORP.",CCIS
A3229,"HARBOUR INVESTMENTS, INC.",HARB
A5709,"ASCENSUS BROKER DEALER SERVICES, LLC",UPMF
A4089,"INTERNATIONAL ASSETS ADVISORY, LLC",INTA
A0198,"BUELL SECURITIES CORP.",BUEL
A5073,"THE OAK RIDGE FINANCIAL SERVICES GROUP, INC.",OAKR
A7467,"ANOS CAPITAL, LLC.",ANOS
A7645,"TOWER PRINCIPAL MARKETS LLC",TPMG
A0538,"TD PRIME SERVICES LLC",AFCO
A7440,"FLOW TRADERS U.S., LLC",FLTU
A6622,"SWBC INVESTMENT SERVICES, LLC",SWBC
A6144,"WESTPARK CAPITAL, INC.",WPCC
A1330,"SF INVESTMENTS, INC.",SFPS
A0117,"INTERCOASTAL CAPITAL MARKETS INC.",ICMB
A7669,"PIONEER CAPITAL MARKETS, INC",PCMI
A7327,"STONEX FINANCIAL INC.",NCPI
A6680,"BHK SECURITIES, LLC",BHKS
A5489,"POLAR INVESTMENT COUNSEL, INC.",PICI
A5760,"LIFEMARK SECURITIES CORP",LMAR
A2206,"CBIZ FINANCIAL SOLUTIONS, INC.",BGSG
A7353,"TD FINANCIAL PRODUCTS LLC",TDMP
A5189,"FIRST CITIZENS INVESTOR SERVICES, INC.",FCSC
A7350,"SAFRA SECURITIES LLC",SSCO
A7202,"CONCORDE INVESTMENT SERVICES LLC",CCRD
A0489,"FMSBONDS, INC.",MIAM
A5940,"SEAPORT GLOBAL SECURITIES LLC",SPGS
A5434,"ADVISORS ASSET MANAGEMENT, INC.",FISA
A4178,"LINCOLN INVESTMENT PLANNING, LLC",LNCL
A0775,"BC ZIEGLER AND COMPANY",ZGLR
A0717,"RAYMOND JAMES FINANCIAL SERVICES, INC.",RJFS
A4481,"PERFORMANCE TRUST CAPITAL PARTNERS, LLC",BBNI
A4144,"PRINCIPAL SECURITIES, INC.",PFSM
A3246,"COMMONWEALTH FINANCIAL NETWORK",CMMW
A4912,"PMA SECURITIES, LLC",PMAS
A1963,"LPL ENTERPRISE, LLC",HVST
A7179,"LINCOLN DOUGLAS INVESTMENTS, LLC",LDIL
A0606,"INDEPENDENT FINANCIAL GROUP, LLC",HSAI
A1965,"NEWEDGE SECURITIES, LLC",MACC
A4831,"CELADON FINANCIAL GROUP, LLC",CFGN
A6652,"THRASHER AND CHAMBERS, INC",TRSH
A5574,"MAPLEWOOD INVESTMENTS, INC.",MPLW
A3696,"AXIOM CAPITAL MANAGEMENT INC,",AXIO
A4978,"J ALDEN ASSOCIATES",ALDN
A6737,"NAVY FEDERAL INVESTMENT SERVICES LLC",NFBS
A7529,"OCEAN FINANCIAL SERVICES, LLC",OCEA
A6238,"RUSSELL INVESTMENTS IMPLEMENTATION SERVICES, LLC.",RSSE
A4990,"THE JEFFREY MATTHEWS FINANCIAL GROUP, L.L.C.",JEFM
A2960,"WESTMINSTER FIN'L. SECS., INC.",WFFS
A0487,"FIRST KENTUCKY SECURITIES CORPORATION.",FKSC
A7013,"BOLTON SECURITIES",BLTN
A0763,"WULFF, HANSEN & COMPANY",WHCO
A4455,"FIRST HEARTLAND CAPITAL INC",FHCI
A5441,"WORLD EQUITY GROUP, INC.",WEGE
A6852,"EMPIRE ASSET MANAGEMENT COMPANY",EAMG
A5864,"NORTHWESTERN MUTUAL INVMT SVCS",NWML
A7507,"NEST INVESTMENTS BD LLC",NEST
A4978,"J ALDEN ASSOCIATES",AFGT
A6910,"ARETE WEALTH MANAGEMENT, LLC",KEYS
A0862,"RF LAFFERTY AND CO., INC.",LAFC
A4089,"INTERNATIONAL ASSETS ADVISORY, LLC",INTX
A6910,"ARETE WEALTH MANAGEMENT, LLC",KAWM
A1218,"ROOSEVELT & CROSS INCORPORATED",RCRS
A7441,"STONECREST CAPITAL MARKETS, INC.",SCMI
A1487,"CITIGROUP GLOBAL MARKETS INC.",CGWM
A7520,"MOUNTAINSIDE SECURITIES LLC",MTNS
A7319,"MINISTRY PARTNERS SECURITIES, LLC",MINP
A5223,"VALMARK SECURITIES, INC.",VALM
A7327,"STONEX FINANCIAL INC.",INTL
A6158,"AMERICAN CENTURY INVESTMENT SERVICES, INC.",TWEN
A2055,"SELKIRK INVESTMENTS, INC.",EMPR
A6091,"FMN CAPITAL CORPORATION",FMNC
A5773,"TRADEWEB DIRECT LLC",BDTR
A7609,"ATOMIC BROKERAGE LLC",AVST
A2389,"MCCLURG CAPITAL CORPORATION",MCCL
A7515,"OLD MISSION CAPITAL LLC",OLDM
A1062,"NUVEEN SECURITIES, LLC",NVEN
A4066,"FIRST BROKERS SECURITIES, LLC",FATS
A0488,"FIRST MANHATTAN SECURITIES LLC",FMCO
A6419,"TP ICAP GLOBAL MARKETS AMERICAS LLC",CMCX
A4545,"BNY MELLON SECURITIES CORPORATION",DRSC
A3355,"CAPITAL INVESTMENT GROUP, INC.",CAPG
A6973,"NORTH SOUTH CAPITAL, LLC",NOSO
A3962,"ZIONS DIRECT, INC.",ZION
A6901,"SPARTAN CAPITAL SECURITIES, LLC",SPRC
A7456,"VIEWTRADE SECURITIES, INC.",VTDT
A6486,"FBL MARKETING SERVICES, LLC",FBLM
A3020,"COORDINATED CAPITAL SECURITIES",COOR
A6874,"WILMINGTON CAPITAL SECURITIES, LLC",WCSC
A1487,"CITIGROUP GLOBAL MARKETS INC.",SALB
A4744,"NBC SECURITIES, INC.",NBCS
A3649,"PEACHCAP SECURITIES, INC.",PCCA
A7244,"CABOT LODGE SECURITIES LLC",CLSC
A6421,"MONARCH CAPITAL GROUP, LLC",MNRC
A6337,"FIRST BALLANTYNE, LLC",FBLT
A5652,"VALIC FINANCIAL ADVISORS, INC",AGFA
A5639,"THE ROCKWELL FINANCIAL GROUP INC,",RFRC
B0069,"COMMERCE BANK",CBKC
A7317,"CU INVESTMENT SOLUTIONS LLC",UCCM
A0563,"HSBC SECURITIES (USA) INC.",HSBK
A6901,"SPARTAN CAPITAL SECURITIES, LLC",SPCS
A5560,"M HOLDINGS SECURITIES, INC.",MHSI
A3914,"STIFEL INDEPENDENT ADVISORS, LLC",CSAI
A6117,"PARADIGM EQUITIES, INC.",MEAF
A2689,"STONEX SECURITIES INC.",ITCC
A3899,"LANDOLT SECURITIES, INC.",LDOT
A6730,"PAPAMARKOU WELLNER & COMPANY, INC.",PAPA
A7570,"SOFI SECURITIES, LLC",SOFI
A7541,"ALPHALEDGER MARKETS, INC",IRIS
A6587,"SUNBELT SECURITIES, INC.",SBLT
A1070,"FIFTH THIRD SECURITIES, INC.",FTSR
A7505,"INNOVATION PARTNERS LLC",PSUT
A3346,"SCHLITT INVESTOR SERVICES, INC",SISI
A7605,"NORTLOV SECURITIES, LLC",NLOV
A1157,"QUINCY CASS ASSOCIATES, INC.",QCAS
A3638,"TOCQUEVILLE SECURITIES L.P.",TOCQ
A7589,"2021 CAPITAL",TONE
A1061,"SANCTUARY SECURITIES, INC.",SWSS
A6172,"BNP PARIBAS SECURITIES CORP.",PARI
A2328,"HUNTINGTON INVESTMENT COMPANY",HUCO
A5141,"JH DARBIE & CO., INC.",JHDR
A7606,"ELEQUIN SECURITIES, LLC",EQNI
A4764,"TRUSTFIRST, INC.",LADY
A7637,"METRIC FINANCIAL, LLC",MFBD
A7424,"MORETON CAPITAL MARKETS, LLC",MOCM
A1007,"MOORS & CABOT, INC.",MCIN
A1313,"STIFEL, NICOLAUS & COMPANY,INC",STFL
A5045,"A.G.P. / ALLIANCE GLOBAL PARTNERS CORP.",AGPM
A3627,"LEVEL FOUR FINANCIAL, LLC",BURT
A6072,"FELTL & COMPANY",FLTL
A4721,"ROBERT BLUM MUNICIPALS, INC.",RBMU
A2841,"LB FISHER & COMPANY",FISH
A6901,"SPARTAN CAPITAL SECURITIES, LLC",SPNN
A6495,"PNC WEALTH MANAGEMENT LLC",PERM
A7075,"ARBOR RESEARCH & TRADING, LLC",ARTI
A7188,"PEAK BROKERAGE SERVICES, LLC",PBSL
A5061,"HIGGINS CAPITAL MANAGEMENT, INC.",HIGG
A0166,"ALLIANT SECURITIES INC.",BZTN
A0296,"COLONIAL SECURITIES, INC.",COLS
A4335,"ACCESS FINANCIAL GROUP, INC.",AFGI
A5975,"NELSON SECURITIES, INC.",NELS
A2625,"SATURNA BROKERAGE SERVICES, INC.",INCC
A2725,"REVERE SECURITIES LLC",KART
A7327,"STONEX FINANCIAL INC.",SNEX
A6819,"MURRAY SECURITIES, INC.",MJDW
A0862,"RF LAFFERTY AND CO., INC.",LAFB
A0953,"KEYBANC CAPITAL MARKETS INC.",KEYB
A0835,"KIMELMAN & BAIRD, LLC",KIML
A4017,"NOBLE CAPITAL MARKETS, INC.",NOBL
A0125,"SANFORD C BERNSTEIN & CO.,LLC",BERN
A7385,"TIGRESS FINANCIAL PARTNERS LLC",CYND
A6495,"PNC WEALTH MANAGEMENT LLC",PNCI
A7035,"BBVA SECURITIES INC.",LTIN
A4971,"TRADESTATION SECURITIES",TRAD
A0364,"DAVENPORT & COMPANY LLC",DAVA
B0144,"FHN FINANCIAL CAPITAL MARKETS",FTCM
A1673,"CETERA WEALTH SERVICES, LLC",ICAN
A1481,"HERBERT J SIMS & CO., INC.",HJSC
B0286,"UMB BANK, N.A.",UMBI
A5786,"US BOSTON CAPITAL CORPORATION",USBT
A1487,"CITIGROUP GLOBAL MARKETS INC.",CGMI
A6128,"WFS, LLC",WFSL
A3290,"DOMINARI SECURITIES LLC",NTMG
A1070,"FIFTH THIRD SECURITIES, INC.",OHIO
A3587,"SISUNG SECURITIES CORPORATION",SSNG
A0516,"FOLGER NOLAN FLEMING DOUGLAS",FNFD
A7121,"CAVU SECURITIES LLC",CAVU
A3389,"VOYA FINANCIAL ADVISORS, INC.",WING
A0118,"BENJAMIN SECURITIES, INC.",BNJM
A6379,"ALEXANDER INVESTMENT SERVICES CO.",ALIS
A1381,"UBS SECURITIES LLC",UBSW
A7609,"ATOMIC BROKERAGE LLC",ATVT
A5232,"JEFFERIES LLC",PJEF
A3653,"SAUER, DAZEY INVESTMENT COMPANY",SDIC
A7471,"ARKADIOS CAPITAL",ARKI
A7511,"VIRTUS CAPITAL MARKETS LLC",VCMM
A1475,"MURIEL SIEBERT & CO., LLC",STOX
A3743,"BUTTONWOOD PARTNERS, INC.",BPWP
A6113,"DAVINCI CAPITAL MANAGEMENT",DCMI
A3303,"REALTA EQUITIES, INC.",COAS
A5322,"LESKO SECURITIES, INC.",LSKO
A5409,"FIRSTRADE SECURITIES INC.",FFSI
A4861,"NORTHLAND SECURITIES, INC.",NORT
A5441,"WORLD EQUITY GROUP, INC.",WEGI
A4458,"SYNDICATED CAPITAL, INC.",SYCA
A5111,"SOUTHEAST INVESTMENTS, N.C. INC.",SEIN
A7460,"STATE STREET GLOBAL MARKETS, LLC",SSGM
A1172,"RAYMOND JAMES & ASSOC., INC.",RAJA
A6746,"ACP SECURITIES, LLC",ACPS
A7167,"LPS CAPITAL LLC",LPSP
A3678,"MULTI-BANK SECURITIES, INC.",MTBK
A3858,"ACADEMY SECURITIES, INC.",ACAD
A2605,"AMERICAN GLOBAL WEALTH MANAGEMENT, INC.",WIDS
A1784,"BETTINGER & LEECH FINANCIAL CO",BLFC
A0727,"ISAAK BOND INVESTMENTS, INC.",IAAK
A4768,"TECKMEYER FINANCIAL SERVICES",TFSL
A3373,"SIGNAL SECURITIES, INC.",SGNL
A6429,"CANTOR FITZGERALD & CO.",CFCO
A6536,"WORTH FINANCIAL GROUP, INC.",ACCI
A7464,"ZEUS FINANCIAL, LLC",ZEUS
A7039,"VALOR FINANCIAL SECURITIES LLC",VFSL
A4865,"EFG CAPITAL INTERNATIONAL CORP",EFGC
A6906,"BLAYLOCK VAN, LLC",BRVL
A6134,"UNION CAPITAL COMPANY",IVOL
A7407,"CARNES CAPITAL CORPORATION",CCCO
A1768,"SYCAMORE FINANCIAL GROUP",SCYA
A6071,"WOODMEN FINANCIAL SERVICES, INC.",WFSS
A6968,"ALEXANDER CAPITAL, L.P.",ACLN
A7480,"ICE BONDS SECURITIES CORPORATION",TMCC
A4529,"CARDINAL INVESTMENTS, INC.",CRDL
A0232,"CAPE SECURITIES, INC.",CAPE
A1562,"NATIONAL FINANCIAL SERVICES LLC",NFSC
A7653,"WEBULL FINANCIAL LLC",WBUL
A6871,"AW SECURITIES",HMRN
A6983,"PENSERRA SECURITIES LLC",PNSA
A5316,"HERNDON PLANT OAKLEY LTD.",HPOL
A6288,"SECURITIES MANAGEMENT RESEARCH, INC.",SMRI
A6703,"MADISON AVENUE SECURITIES",MAVS
A1887,"R. SEELAUS & CO., LLC",SEEL
A6341,"PERSHING ADVISOR SOLUTIONS LLC",PASL
A4749,"SHEARSON FINANCIAL SERVICES LLC",LFRO
A4978,"J ALDEN ASSOCIATES",JADN
A1000,"MONNESS, CRESPI, HARDT & CO.,",MWCC
A3290,"DOMINARI SECURITIES LLC",DOMS
A0255,"CENTENNIAL SECURITIES CO., INC",CTNL
A5618,"BROAD STREET CAPITAL MARKETS LLC",ADFG
A7099,"CREATIVEONE SECURITIES, LLC",COSL
A2132,"CETERA INVESTMENT SERVICES LLC",BANK
A7641,"CADZ SECURITIES INC",CADZ
A6438,"TITLEIST CAPITAL, LLC",TITL
A5446,"SILVER OAK SECURITIES, INCORPORATED",HOPK
A7120,"MCLAUGHLIN RYDER INVESTMENTS, INC.",ZAND
A0980,"MESIROW FINANCIAL INC",MSRO
A1303,"STEPHENS INC.",SPHN
A7623,"IUR SECURITIES LLC",IURS
A0877,"B. RILEY WEALTH MANAGEMENT",VFIN
A5141,"JH DARBIE & CO., INC.",JDRB
A6808,"AVENTURA SECURITIES, LLC",AVEW
A6298,"BACKSTROM MCCARLEY BERRY & CO., LLC",BMCB
A6687,"MCDONALD PARTNERS, LLC",TMCD
A6950,"HIGHTOWER SECURITIES, LLC",HTPS
A1819,"GILL CAPITAL PARTNERS, LLC",GLLL
A6672,"AMERICAN INDEPENDENT SECURITIES GRP,LLC",AISG
A2800,"FIRST WESTERN SECURITIES, INC.",FWSI
A6847,"QUOIN CAPITAL LLC",QUOI
A2742,"VALLEY NATIONAL INVESTMENTS",VALI
A4039,"COMMERCE BROKERAGE SERVICES, INC",CMCE
A1898,"CETERA FINANCIAL SPECIALISTS LLC",TERA
A1306,"STERLING, GRACE MUNICIPAL SEC.",STGC
A7480,"ICE BONDS SECURITIES CORPORATION",VABD
A3445,"BEECH HILL SECURITIES",CWEI
A7346,"COPPER FINANCIAL",CAFS
A5948,"AXOS CLEARING LLC",LGNT
A7477,"B. RILEY SECURITIES, INC.",RILY
A6568,"BETA CAPITAL SECURITIES LLC",BCWM
A7655,"BALANZ CAPITAL USA LLC",BLNZ
A0786,"JKR & CO., INC.",JKRC
A7417,"JOSEPH STONE CAPITAL, LLC",JSCL
A5798,"MUTUAL OF OMAHA INVESTOR SERVICES, INC.",MOIS
A2649,"LARIMER CAPITAL CORPORATION",LARC
A5185,"SEI INVESTMENTS DISTRIBUTION CO",SEIC
A7519,"BOFA SECURITIES, INC.",MLCO
A5948,"AXOS CLEARING LLC",CORR
A0859,"LASALLE ST. SECURITIES, LLC",LASS
A6234,"PTS BROKERAGE, LLC",PTSB
A4303,"GREAT PACIFIC SECURITIES",GPSS
A6158,"AMERICAN CENTURY INVESTMENT SERVICES, INC.",ACBD
A0869,"DEUTSCHE BANK SECURITIES INC.",DBPC
A6781,"GLOBALINK SECURITIES, INC",PSRI
A5803,"VISION BROKERAGE SERVICES, LLC",VBSL
A1137,"E. E. POWELL & COMPANY",POWL
A3814,"BREAN CAPITAL, LLC.",BMUR
A1038,"NESTLERODE & LOY, INC.",NSRD
A5250,"KOVACK SECURITIES, INC.",KOVP
A5315,"GLADOWSKY CAPITAL MGMT. CORP.",GCMC
A7097,"MARKETAXESS CORPORATION",MKTX
A1006,"THE GMS GROUP, LLC",GMSG
A7053,"WELLINGTON SHIELDS & CO., LLC",WESC
A7339,"DFPG INVESTMENTS LLC",DFPG
A6392,"DINOSAUR FINANCIAL GROUP, LLC",ROAR
A6432,"GLEN EAGLE WEALTH, LLC",QBSI
A0079,"ROBERT W BAIRD & CO., INC.",BARD
A5399,"GARDEN STATE SECURITIES, INC.",GSSI
A7115,"DREXEL HAMILTON, LLC",DRXL
A6708,"KEY INVESTMENT SERVICES LLC",KISL
A1806,"MUTUAL SECURITIES, INC.",CBOL
A1765,"BERTHEL FISHER & CO.FIN.SERV.",BFFI
A5773,"TRADEWEB DIRECT LLC",TWDP
A0105,"J.P. MORGAN SECURITIES LLC",BEST
A6963,"BENJAMIN F. EDWARDS & COMPANY",BFEC
B0360,"FIRST NATIONAL BANKERS BANK",FNBB
A6805,"ALLEN, MOONEY & BARNES BROKERAGE SERVICES, LLC",AMBB
A7612,"PRIMERICA BROKERAGE SERVICES, INC.",PBSI
A7644,"BLUEFIN CAPITAL MANAGEMENT, LLC",BFCM
A7465,"MIRAE ASSET SECURITIES (USA) INC.",MIRA
A6505,"GWN SECURITIES, INC.",GWNS
A5571,"USCA SECURITIES LLC",USCA
A6970,"SABADELL SECURITIES USA, INC.",SABS
A1399,"VBC SECURITIES LLC",VBCS
A1761,"NETWORK 1 FINANCIAL SECURITIES",NTFN
A4099,"HUNTER ASSOCIATES, LLC",HNTR
A0836,"CL KING AND ASSOCIATES, INC.",KING
A6575,"MODERN CAPITAL SECURITIES INC.",WEGP
A6485,"CHICKASAW SECURITIES, LLC",CHCK
A7590,"AQUAS FINANCIAL LLC",DLPS
A6439,"CAPFINANCIAL SECURITIES LLC",CAPP
A0118,"BENJAMIN SECURITIES, INC.",BENJ
A4603,"BOLTON GLOBAL CAPITAL",RAYG
B0475,"U.S. BANK MUNICIPAL PRODUCTS GROUP",CMMB
A5177,"NATIONS FINANCIAL GROUP, INC.",NFGR
A6577,"AOS, INC.",AOSC
A1492,"SMITH, MOORE AND COMPANY",SMCO
A7129,"GLENDALE SECURITIES, INC.",GLED
A5262,"LEERINK PARTNERS LLC",LEER
A6945,"LIVINGSTON SECURITIES, LLC",LSEC
A5638,"M.S. HOWELLS & CO.",HWLS
A7536,"ICE SECURITIES EXECUTION & CLEARING, LLC",ICEX
A3238,"CREDIT AGRICOLE SECURITIES (USA) INC.",LYON
A6523,"AMERANT INVESTMENTS, INC.",CICI
A4565,"ST. BERNARD FINANCIAL SERVICES, INC.",KEEN
A2080,"INVESTORS BROKERAGE OF TEXAS, LTD.",IBOT
A5779,"PTI SECURITIES & FUTURES, L.P.",PTIS
A4258,"RBC CAPITAL MARKETS, LLC",RBCR
A2021,"CETERA ADVISORS, LLC",MULT
A6432,"GLEN EAGLE WEALTH, LLC",GEAL
A6370,"PLACE TRADE FINANCIAL, INC.",PLTF
A6333,"SHAREHOLDERS SERVICE GROUP, LLC",SSGR
A7296,"EMPIRE STATE FINANCIAL, INC.",HAVK
A2748,"TRUIST INVESTMENT SERVICES, INC.",SSIN
A7658,"C&C TRADING LLC",XCNC
A7506,"NATIONAL BANK OF CANADA FINANCIAL INC.",NBFI
A5111,"SOUTHEAST INVESTMENTS, N.C. INC.",SEFB
A7268,"TCFG WEALTH MANAGEMENT, LLC",TCFG
A4470,"CABRERA CAPITAL MARKETS, LLC",CABA
A4502,"LENOX FINANCIAL SERVICES, INC.",LENX
A6897,"CASTLEOAK SECURITIES, LP",COAK
A7327,"STONEX FINANCIAL INC.",IFCS
A6210,"VESTECH SECURITIES, INC.",VEST
A3528,"STARK FINANCIAL INDUSTRIES, LLC",SPSR
A7638,"MARIVA CAPITAL MARKETS, LLC",BMSA
A7538,"IFP SECURITIES, LLC",IFPS
A6306,"J.W. COLE FINANCIAL, INC.",JWCF
A4685,"BNY MELLON CAPITAL MARKETS, LLC",BKCM
A7582,"FNB AMERICA SECURITIES LLC",FNBA
A1037,"MARTIN NELSON & CO., INC.",MNCO
A4382,"HARVESTONS SECURITIES, INC.",HARS
A7563,"AXOS INVEST LLC",WISE
A5644,"TRADITION SECURITIES AND DERIVATIVES LLC",TFAS
A1893,"MML INVESTORS SERVICES, LLC",GRPS
A4258,"RBC CAPITAL MARKETS, LLC",DCSD
A7419,"INSTITUTIONAL BOND NETWORK LLC.",IBND
A5924,"PARKLAND SECURITIES, LLC",SMNS
A7448,"HONEY BADGER INVESTMENT SECURITIES, LLC",HBMS
A6750,"COLORADO FINANCIAL SERVICE CORP.",COFS
A1194,"VANDERBILT SECURITIES, LLC",VBLT
A4075,"NANCY BARRON & ASSOCIATES INC.",NBAR
A5343,"BRINKER CAPITAL SECURITIES, LLC",BRNK
B0300,"ZIONS BANCORPORATION, N.A /MSD",ZFNB
A6731,"LEBENTHAL FINANCIAL SERVICES, INC.",BRFI
A7139,"GRADIENT SECURITIES, LLC",GRAD
A0377,"HC DENISON COMPANY",DENI
A2908,"SANDERS MORRIS LLC",SMHI
A3302,"FINANCIAL NORTHEASTERN SEC.INC",FNSJ
A3567,"LUMENT SECURITIES, LLC",PSIN
A7655,"BALANZ CAPITAL USA LLC",BZCP
A4700,"BOK FINANCIAL SECURITIES, INC.",BOKI
A0775,"BC ZIEGLER AND COMPANY",BCZC
A7115,"DREXEL HAMILTON, LLC",DREX
A1039,"NEUBERGER BERMAN BD LLC",NBLB
B0358,"FROST BANK CAPITAL MARKETS",FROS
A1475,"MURIEL SIEBERT & CO., LLC",SBRX
A7285,"TD PRIVATE CLIENT WEALTH LLC",TDPW
A4970,"GLOBAL BROKERAGE SERVICES, INC",GSBI
A6984,"ATIS, INC.",JEVO
A6392,"DINOSAUR FINANCIAL GROUP, LLC",TREX
A5074,"SIEBERT WILLIAMS SHANK & CO., LLC",SBSC
A3188,"CONSOLIDATED FINANCIAL INVESTMENTS, INC.",CFII
A3616,"BLAKESLEE & BLAKESLEE INC.",EDSB
A0304,"CONNERS & CO., INC.",CONR
A1715,"SYNOVUS SECURITIES INC.",CBTD
A6560,"GRB FINANCIAL, LLC",GRBF
A0748,"SOUTHSTATE SECURITIES CORP.",STSC
A1893,"MML INVESTORS SERVICES, LLC",MSII
A4652,"MISCHLER FINANCIAL GROUP, INC.",MFGX
A7472,"FIRST SOUTHERN, LLC,",ESHC
A5916,"SAXONY SECURITIES, INC.",SAXO
A0706,"INGALLS & SNYDER LLC",INGS
A6087,"GENEOS WEALTH MANAGEMENT, INC.",GENW
A1287,"JD SEIBERT & COMPANY, INC.",SEIB
A4454,"ABACUS INVESTMENTS, INC.",ABAI
A6841,"N.E. PRIVATE CLIENT, LTD.",NEPP
A5859,"FELDSTEIN FINANCIAL GROUP, LLC",FFGI
A3985,"GRODSKY ASSOCIATES, INC.",GROD
A1519,"GIT INVESTMENT SERVICES, INC.",GIMM
A0097,"BARRETT & COMPANY",BARR
A5021,"OBERWEIS SECURITIES, INC.",OBWS
A0777,"ZIV INVESTMENT COMPANY",ZIVI
A6440,"KCD FINANCIAL, INC.",KCDF
A5618,"BROAD STREET CAPITAL MARKETS LLC",BSCM
A6153,"NATIONWIDE SECURITIES, LLC",SEVN
A6566,"BARCLAYS CAPITAL INC.",BWEL
A7440,"FLOW TRADERS U.S., LLC",FLTG
A3977,"BELLE HAVEN INVESTMENTS, L.P.",BHII
A6566,"BARCLAYS CAPITAL INC.",BCLE
A3831,"TRANSAMERICA FINANCIAL ADVISORS, LLC",TFAI
A7619,"PAR5 CAPITAL & CO LLC",PARV
A6154,"MAXIM GROUP LLC",MAXM
A1573,"T.R. WINSTON & COMPANY, LLC",TRWN
A7334,"MILLENNIUM ADVISORS LLC",MADV
A6356,"HORACE MANN INVESTORS, INC.",MANN
A5759,"USA FINANCIAL SECURITIES, LLC",USAF
A5772,"CFD INVESTMENTS, INC.",CFDI
A6534,"WEALTH ENHANCEMENT BROKERAGE SERVICES, LLC",WEBS
A5214,"MEMPHIS CAPITAL",SIII
A7126,"SUMRIDGE PARTNERS, LLC",SMRD
A5444,"SECURITIES EQUITY GROUP",DOVE
A5836,"U.S. BROKERAGE, INC.",USDB
A0869,"DEUTSCHE BANK SECURITIES INC.",DBKS
A4047,"CONTINENTAL INVESTOR SERVICES",CONT
A2690,"EQUITABLE ADVISORS LLC.",EQHA
A0137,"PROSPERA FINANCIAL SERVICES, INC.",ADSS
A2796,"RHODES SECURITIES, INC.",RHDS
A6223,"ETICO PARTNERS, LLC",MJWH
A1313,"STIFEL, NICOLAUS & COMPANY,INC",FINF
A6386,"STATE FARM VP MANAGEMENT CORP.",SFVP
A0976,"MERRILL LYNCH, PIERCE, FENNER",MLMA
A1214,"ROMANO BROTHERS & COMPANY",ROMO
B0470,"SOUTH STATE BANK NA",CSFL
A7087,"PRIVATE PORTFOLIO OF SAN DIEGO, INC.",PRPO
A4973,"SANTANDER SECURITIES LLC",SSPB
B0270,"TIB, N.A.",TIBD
A2362,"BROOKLIGHT PLACE SECURITIES, INC.",MTLE
A0196,"BROWN, LISLE/CUMMINGS, INC.",BRLI
A6248,"ESSEX SECURITIES LLC",BJCM
A2938,"GUZMAN & COMPANY",GZML
B0510,"BRYANT BANK CAPITAL MARKETS DIVISION",BBCM
A0277,"ASSOCIATED INVESTMENT SERVICES",ASOI
A7614,"TRB CAPITAL MARKETS, LLC",HINO
A7506,"NATIONAL BANK OF CANADA FINANCIAL INC.",PTLV
A4144,"PRINCIPAL SECURITIES, INC.",PSIM
A0877,"B. RILEY WEALTH MANAGEMENT",NAPK
A7349,"BOREAL CAPITAL SECURITIES, LLC",MORA
A7547,"UNITED FIRST PARTNERS LLC",UFPA
B0171,"UNITED BANKERS' BANK",UBKR
A5779,"PTI SECURITIES & FUTURES, L.P.",PTIX
A5754,"RICHARD BROTHERS SECURITIES",ACLC
A3686,"ALAMO CAPITAL",ACAP
A3836,"LOMBARD SECURITIES INC.",LOMB
A7258,"ALLIED MILLENNIAL PARTNERS, LLC",LSSI
A7211,"DEALERWEB LLC",RCML
A0036,"AMERICAN INVESTORS COMPANY",AMIC
A4418,"SMBC NIKKO SECURITIES AMERICA, INC.",SUMI
A6518,"KEEL POINT CAPITAL, LLC",ITFS
A4131,"ANDREW GARRETT INC.",ANDG
A4166,"NYLIFE SECURITIES LLC",NYLS
A5227,"ONEAMERICA SECURITIES, INC.",AULC
A6834,"SUNSTREET SECURITIES, LLC",SUST
A3249,"OSAIC WEALTH, INC.",ROYL
A6753,"FIRST ASSET FINANCIAL INC.",FAFI
A1475,"MURIEL SIEBERT & CO., LLC",MSBT
A1436,"WEDBUSH SECURITIES INC.",WSGD
A2912,"CALTON & ASSOCIATES, INC.",CALT
A0631,"HAZARD & SIEGEL, INC.",CLHS
A4421,"OSAIC INSTITUTIONS, INC.",CTAS
A6755,"COUNTRY CAPITAL MANAGEMENT COMPANY",TOWA
A5276,"CENTAURUS FINANCIAL, INC.",CNFI
A7236,"BROWNSTONE INVESTMENT GROUP, LLC",BIGP
A0147,"WILLIAM BLAIR & COMPANY, L.L.C.",WBLR
A5232,"JEFFERIES LLC",JEFF
A7562,"ALTRUIST FINANCIAL LLC",ALTR
A6427,"INDEPENDENCE CAPITAL CO., INC.",ICCI
A7363,"FHN FINANCIAL SECURITIES CORP",FTSC
A0028,"ME ALLISON & CO., INC.",MEAL
A6962,"TD SECURITIES (USA) LLC",TDSI
A7019,"CEROS FINANCIAL SERVICES, INC.",CFSI
A1313,"STIFEL, NICOLAUS & COMPANY,INC",FESI
A4549,"PURSHE KAPLAN STERLING INVESTMENTS",SARG
A1436,"WEDBUSH SECURITIES INC.",WSIW
A3870,"OAK TREE SECURITIES, INC.",OTSB
A2359,"STURGES COMPANY (THE)",TSCD
A7429,"SOVEREIGN GLOBAL ADVISORS, LLC",SOVG
A5564,"RBC SECURITIES, INC.",CNSI
A5733,"VALLEY FINANCIAL MANAGEMENT, INC.",LISI
A7506,"NATIONAL BANK OF CANADA FINANCIAL INC.",NBKT
A6862,"SPIRE SECURITIES, LLC",SPLD
A7140,"CENTRAL STATES CAPITAL MARKETS, LLC",CSCM
A3338,"WILSON-DAVIS & CO., INC.",WDCO
A6101,"THOMPSON DAVIS & CO. INC.",TDCO
A7044,"VECTORGLOBAL WMG",VMEX
A5142,"UHLMANN PRICE SECURITIES, LLC",UHLM
A7272,"APEX CLEARING CORPORATION",PFCL
A4779,"1ST DISCOUNT BROKERAGE, INC.",FDSC
A5250,"KOVACK SECURITIES, INC.",KOVS
A3419,"PENROD FINANCIAL SERVICES, INC",PENC
A6727,"FOUNDERS FINANCIAL SECURITIES, LLC",FFSE
A5476,"SG LONG & COMPANY",SGLC
A7440,"FLOW TRADERS U.S., LLC",FTRD
A7673,"MAREX CAPITAL MARKETS INC.",CCMB
A1776,"SEARLE & CO.",SERL
A6645,"OSAIC SERVICES, INC.",RIAP
A7579,"INSPEREX LLC",TWOS
A7327,"STONEX FINANCIAL INC.",FCST
A0654,"NORTHERN TRUST SECURITIES, INC.",NTRC
A4820,"GUGGENHEIM FUNDS DISTRIBUTORS, LLC.",CLYM
A4441,"SIGMA FINANCIAL CORPORATION",SGFC
A5503,"APW CAPITAL, INC.",CAMS
A7408,"CRAFT CAPITAL MANAGEMENT LLC",CCMM
A6230,"WESTERN GROWERS FINANCIAL SERVICES",WEST
A2938,"GUZMAN & COMPANY",GUZM
A7394,"MIZUHO SECURITIES USA LLC",MZHO
A3898,"FIRST TRUST PORTFOLIOS L.P.",FTLP
A6419,"TP ICAP GLOBAL MARKETS AMERICAS LLC",PATR
A0877,"B. RILEY WEALTH MANAGEMENT",FUND
A1249,"SAGE, RUTTY & CO., INC.",SAGE
A3089,"MIDDLEGATE SECURITIES INC",MIDL
A6392,"DINOSAUR FINANCIAL GROUP, LLC",RPTR
A6392,"DINOSAUR FINANCIAL GROUP, LLC",DINO
A4981,"HEIM, YOUNG & ASSOCIATES, INC.",HYSI
A6400,"NEWOAK CAPITAL MARKETS LLC",NEWO
A1126,"PIPER SANDLER & CO.",SDLR
A5843,"PACKERLAND BROKERAGE SERVICES",PACK
A5773,"TRADEWEB DIRECT LLC",BDDK
A6566,"BARCLAYS CAPITAL INC.",BCAP
A0193,"SMITH, BROWN AND GROOVER, INC.",SGBI
A1272,"GREGORY J SCHWARTZ & CO., INC.",GJSS
A5773,"TRADEWEB DIRECT LLC",JJKE
A7043,"HARBOR INVESTMENT ADVISORY LLC",HIAL
A1145,"LPL FINANCIAL LLC",YLPL
A0231,"CAPITAL MANAGEMENT SECURITIES,",CMSI
A5139,"LOOP CAPITAL MARKETS, L.L.C.",LOOP
A4590,"R.M. STARK & CO., INC.",RMST
A7303,"FALCON SQUARE CAPITAL, LLC",FALC
A6990,BROKERAGESELECT,IDAY
A1271,"CHARLES SCHWAB & CO., INC.",CHAS
A6366,"WELLS FARGO SECURITIES, LLC",WFIS
A3490,"AEGIS CAPITAL CORP.",AGIS
A6419,"TP ICAP GLOBAL MARKETS AMERICAS LLC",CHPP
A2986,"MAINE SECURITIES CORPORATION",MSCB
A7401,"WEALTHFRONT BROKERAGE LLC",WLTH
A3831,"TRANSAMERICA FINANCIAL ADVISORS, LLC",INSC
A5865,"STATETRUST INVESTMENTS, INC.",STTT
A0400,"DORN & CO., INC.",DORN
A7202,"CONCORDE INVESTMENT SERVICES LLC",CNCD
A0024,"ALLEN & COMPANY LLC",ALLN
A7411,"MONERE INVESTMENTS, INC.",MONE
A6935,"MAINLINE WEST MUNICIPAL SECURITIES, LLC",MLMS
A6918,"PINNACLE INVESTMENTS LLC",PINA
A7606,"ELEQUIN SECURITIES, LLC",ELEQ
A7033,"ODEON CAPITAL GROUP LLC",ODEO
A0105,"J.P. MORGAN SECURITIES LLC",CHSI
A4421,"OSAIC INSTITUTIONS, INC.",OSIC
A0850,"HUNTLEIGH SECURITIES CORPORATION",HUNT
A7621,"M STEVENS SECURITIES, LLC",MSTV
A7594,"GREAT POINT CAPITAL, LLC",MAVB
A5490,"LANDAAS & COMPANY",LDAS
A4434,"CASCADE INVESTMENT GROUP, INC.",BJRC
A2125,"BROWN & BROWN SECURITIES, INC.",BRBR
A0632,"HAZLETT, BURT & WATSON, INC.",HAZL
A5647,"SUPERIOR FINANCIAL SERVICES, INC.",SFSI
A7028,"PARITER SECURITIES, LLC",FJRF
A7406,"TRIBAL CAPITAL MARKETS, LLC",TRIB
A6815,"VISION FINANCIAL MARKETS LLC",VSIN
A0877,"B. RILEY WEALTH MANAGEMENT",WUND
A2091,"PNC CAPITAL MARKETS LLC",PNCM
A7019,"CEROS FINANCIAL SERVICES, INC.",CERS
A5820,"MWA FINANCIAL SERVICES, INC.",MWAF
A4676,"ASHTON THOMAS SECURITIES, LLC.",EXCS
A6038,"LAIDLAW AND COMPANY, UK, LTD",LDLW
A6180,"MCNALLY FINANCIAL SERVICES CORPORATION",MCNA
A6362,"AVISEN WEALTH MANAGEMENT, INC.",AVIS
A6579,"HENLEY & COMPANY LLC",HENY
A0085,"BCG SECURITIES, INC.",BCGS
A1349,"LO THOMAS & CO., INC.",LOTC
A5098,"WESBANCO SECURITIES, INC.",CBII
A7142,"MSEC, LLC",MSEC
A7502,"KINGSWOOD CAPITAL PARTNERS, LLC",KWUS
A3378,"O.N. EQUITY SALES COMPANY",ONES
A2353,"WELLS FARGO ADVISORS FINANCIAL NETWORK, LLC",FNET
A7442,"MCAP LLC",MCAP
A0576,"GOLDMAN SACHS & CO. LLC",GSCO
A2178,"STERN BROTHERS & CO.",SBRO
A5468,"GIRARD INVESTMENT SERVICES, LLC",FNPN
A2781,"CNR SECURITIES LLC",ROCM
A7353,"TD FINANCIAL PRODUCTS LLC",HEAD
A6137,"NORTHWEST INVESTMENT ADVISORS, INC.",NWIA
A4637,"VALDES & MORENO, INC.",TORO
A5325,"CORECAP INVESTMENTS, LLC",WISC
A5316,"HERNDON PLANT OAKLEY LTD.",HPOM
A4831,"CELADON FINANCIAL GROUP, LLC",CLDN
A1729,"HORNOR, TOWNSEND & KENT, LLC",HOTO
A3600,"CRESAP, INC.",CSAP
A1809,"BEACONSFIELD FINANCIAL SERVICES, INC.",BEAF
B0429,"CENTRAL TRUST BANK",CTBK
A5773,"TRADEWEB DIRECT LLC",TWDI
A0333,"CREWS & ASSOCIATES, INC.",CREW
A3574,"HENNION & WALSH INC.",NHWI
A0695,"FIRST HONOLULU SECURITIES, INC",FHON
A4993,"FIRST TRYON SECURITIES, LLC",TRYN
A6645,"OSAIC SERVICES, INC.",RIAN
A2912,"CALTON & ASSOCIATES, INC.",CLTN
A6627,"HERITAGE FINANCIAL SYSTEMS, LLC",HFSB
A5676,"WHITE MOUNTAIN CAPITAL, LLC",WMCL
A3315,"TRUSTMONT FINANCIAL GROUP, INC.",CFGM
A4743,"DM KELLY & COMPANY",DMKC
A0136,"JAMES I BLACK & COMPANY",BLCK
A0174,"BRIGHTON SECURITIES CORP.",BGHT
A3741,"WELLS FARGO CLEARING SERVICES, LLC",WRET
A7629,"MOMENT MARKETS LLC",MMNT
A7634,"LAMPERT CAPITALS MARKET, INC.",LPCM
A1673,"CETERA WEALTH SERVICES, LLC",FNIC
A3249,"OSAIC WEALTH, INC.",RAAI
A0887,"DAVID LERNER ASSOCIATES, INC.",DLAI
A0137,"PROSPERA FINANCIAL SERVICES, INC.",ADSO
A1877,"FIRST LIBERTIES FINANCIAL",FLIB
A0643,"CARL M HENNIG, INC.",HENN
A3116,"CARTER, TERRY & COMPANY, INC.",CATE
A5991,"SCOTTSDALE CAPITAL ADVISORS",JOHN
A5644,"TRADITION SECURITIES AND DERIVATIVES LLC",ASEL
A4820,"GUGGENHEIM FUNDS DISTRIBUTORS, LLC.",GUGI
A0105,"J.P. MORGAN SECURITIES LLC",FSRP
A5402,"TRADE-PMR, INC.",TPMR
A7677,"JANE STREET EXECUTION SERVICES, LLC",JSEB
A5045,"A.G.P. / ALLIANCE GLOBAL PARTNERS CORP.",ALNC
A7412,"BANKERS LIFE SECURITIES INC.",BALI
A6646,"ANOVEST FINANCIAL SERVICES, INC.",ANOV
A5497,"THOROUGHBRED FINANCIAL SERVICES, LLC",TBRD
A7633,"SUPREME ALLIANCE LLC",SALL
A5738,"MUNICIPAL CAPITAL MARKETS GROUP, INC.",MCMG
A6392,"DINOSAUR FINANCIAL GROUP, LLC",DNSR
A0877,"B. RILEY WEALTH MANAGEMENT",BRWM
A7033,"ODEON CAPITAL GROUP LLC",ODCO
A1313,"STIFEL, NICOLAUS & COMPANY,INC",SPAC
A0682,"INSIGHT SECURITIES, INC.",ISSI
A0149,"STEWARD PARTNERS INVESTMENT SOLUTIONS, LLC",SPGA
A0563,"HSBC SECURITIES (USA) INC.",HSBM
A7241,"SECURITY CAPITAL BROKERAGE, INC.",SCTI
A6852,"EMPIRE ASSET MANAGEMENT COMPANY",EAMC
A5361,"HOLISTIC BROKERAGE, LLC.",HBUS
A6962,"TD SECURITIES (USA) LLC",TDPA
A1313,"STIFEL, NICOLAUS & COMPANY,INC",VSLP
A3104,"VANGUARD MARKETING CORPORATION",VGRD
A7574,"BANORTE SECURITIES INTERNATIONAL LTD",BNTE
A4973,"SANTANDER SECURITIES LLC",SSNE
A3509,"MIDLAND SECURITIES, LTD.",WACC
A4785,"CAMBRIDGE INVESTMENT RESEARCH",CIRI
A0692,"WINTRUST INVESTMENTS, LLC",WAYN
A6107,"ALIGHT FINANCIAL SOLUTIONS LLC",NHFS
A2176,"PACIFIC INVESTMENT SECS. CORP.",PISC
A7023,"PRIVATE CLIENT SERVICES, LLC",PCSB
A6980,"ETC BROKERAGE SERVICES, LLC",INNO
A6962,"TD SECURITIES (USA) LLC",TDNF
A6803,"ALLY INVEST SECURITIES LLC",TKNG
A7042,"STONECASTLE SECURITIES, LLC",SCSS
A7492,"AMERIVET SECURITIES, INC",AVSI
A0877,"B. RILEY WEALTH MANAGEMENT",NATL
A7449,"APEXUS CAPITAL LLC",APXS
A6962,"TD SECURITIES (USA) LLC",COWR
A0806,"KAHN BROTHERS LLC",KBCO
A1007,"MOORS & CABOT, INC.",MCBT
A0105,"J.P. MORGAN SECURITIES LLC",BSSC
A7482,"LINDEN THOMAS AND COMPANY SECURITIES, LLC",LTCS
A0137,"PROSPERA FINANCIAL SERVICES, INC.",CUTW
A7479,"BANCROFT CAPITAL, LLC",VTRN
A4008,"CAPITAL PORTFOLIO MANAGEMENT, INC",CPMI
A7484,"REVL SECURITIES LLC",REVL
A7576,"CINCAP INVESTMENT GROUP, LLC",CCIG
A7334,"MILLENNIUM ADVISORS LLC",MILN
A6885,"BONDS.COM, LLC",BNDS
A2246,"RW SMITH & ASSOCIATES, LLC",RWSM
A3840,"CHAPIN DAVIS, INC.",CHDA
A6524,"EMERSON EQUITY LLC",EMER
A5341,"TIAA -CREF INDIVDL INST'L SVCS, LLC",CREF
A7579,"INSPEREX LLC",SPEX
A5030,"ARVEST WEALTH MANAGEMENT",ARVS
A5773,"TRADEWEB DIRECT LLC",TWDL
A5930,"THE LEADERS GROUP, INC.",LEAD
A5732,"SANDERLIN SECURITIES LLC",SSLC
A0799,"EDWARD JONES",EDJO
A7305,"JANE STREET CAPITAL, LLC",JASC
A4652,"MISCHLER FINANCIAL GROUP, INC.",MICH
A0877,"B. RILEY WEALTH MANAGEMENT",WNDR
A4803,"CITIZENS SECURITIES, INC.",CISV
A5498,"B. B. GRAHAM & CO., INC.",BBGC
A0747,&PARTNERS,APRT
A0980,"MESIROW FINANCIAL INC",MESF
A6006,"AMERICAN CAPITAL PARTNERS, LLC",ACPL
A6495,"PNC WEALTH MANAGEMENT LLC",PNCC
A1401,"INVESCO CAPITAL MARKETS, INC.",VKMI
A4542,"HARGER & COMPANY, INC.",HRGR
A5148,"IMPERIAL CAPITAL, LLC",IMPC
A5799,"PLANMEMBER SECURITIES CORP.",IRMD
A6580,"HALLIDAY FINANCIAL, LLC",HRCS
A3317,"BUCKMAN, BUCKMAN & REID, INC.",BKRT
A4467,"US STERLING SECURITIES, INC.",USSI
A4258,"RBC CAPITAL MARKETS, LLC",RBCD
A0463,"FIDELITY BROKERAGE SERVICES LLC",FIBS
A7644,"BLUEFIN CAPITAL MANAGEMENT, LLC",BLTD
A7494,"CLEAR STREET, LLC",CLST
A6913,"CAPITAL CITY SECURITIES, LLC",CAPC
A4113,"ORIENTAL FINANCIAL SERVICES LLC",ORTL
A5189,"FIRST CITIZENS INVESTOR SERVICES, INC.",FCIT
A4369,"THE STRATEGIC ALLIANCE CORPORATION",TSAC
A5294,"ARLINGTON SECURITIES INC.",ASIX
A4652,"MISCHLER FINANCIAL GROUP, INC.",MISL
A6862,"SPIRE SECURITIES, LLC",SPLC
A2822,"INTERNATIONAL RESEARCH SEC. INC",IRSI
A4274,"KA ASSOCIATES, LLC",KALA
A0854,"KUYKENDALL & SCHNEIDER, INC.",KUYK
A5074,"SIEBERT WILLIAMS SHANK & CO., LLC",WLMS
A7381,"ARCADIA SECURITIES LLC",ARCD
A6982,"DAVIS SECURITIES LLC",DAVS
A5125,"FLORIDA ATLANTIC SECS. CORP.",FLAT
B0019,"BANK OF AMERICA, NA  / MSD",NBNA
A6495,"PNC WEALTH MANAGEMENT LLC",NATY