Firm Name,MSRB ID,State,Registrant Type
APW Capital Updated Inc.,A5503,NJ,Broker Dealer
"Zeus Financial, LLC",A7464,FL,Broker Dealer
"Capital Research Brokerage Services, LLC",A7189,CA,Broker Dealer
"Capital City Securities, LLC",A6913,OH,Broker Dealer
"Mutual Funds Associates, Inc.",A5988,NY,Broker Dealer
"Fairport Capital, Inc.",A5915,AZ,Broker Dealer/Municipal Advisor
RICE FINANCIAL PRODUCTS COMPANY,A2966,TN,Broker Dealer
"First Citizens Investor Services, Inc.",A5189,NC,Broker Dealer
Van Clemens & Co. Incorporated,A7631,MN,Broker Dealer
"David Lerner Associates, Inc.",A0887,NY,Broker Dealer
"Bernardi Securities, Inc.",A2043,TX,Broker Dealer
"Citizens Securities, Inc.",A4803,RI,Broker Dealer
"Monarch Capital Group, LLC",A6421,NY,Broker Dealer
HC Denison Company,A0377,WI,Broker Dealer
"JKR & Co., Inc.",A0786,CA,Broker Dealer
Blakeslee & Blakeslee Inc.,A3616,CA,Broker Dealer
CADZ Securities Inc,A7641,FL,Broker Dealer
Thornton Farish Inc.,A1357,AL,Broker Dealer/Municipal Advisor
LPL Financial LLC,A1145,SC,Broker Dealer
Millennium Advisors LLC,A7334,NC,Broker Dealer
Infinity Financial Services,A6883,CA,Broker Dealer
"Capital Management Securities,",A0231,MN,Broker Dealer
EFG Capital International Corp,A4865,FL,Broker Dealer
"Linden Thomas and Company Securities, LLC",A7482,NC,Broker Dealer
"Financial Security Management, Inc.",A5952,VA,Broker Dealer
"Tavenner Company, (The)",A6123,OH,Broker Dealer
"Andes Capital Group, LLC",A6670,IL,Broker Dealer
Commonwealth Financial Network,A3246,MA,Broker Dealer
Correll Co. Investment Services Corp.,A5964,IL,Broker Dealer
D. Boral Capital,A6574,NY,Broker Dealer
"GlobaLink Securities, Inc",A6781,CA,Broker Dealer
Tocqueville Securities L.P.,A3638,NY,Broker Dealer
Virtu Americas LLC,A7128,NY,Broker Dealer
Quint Capital Corporation,A7474,NY,Broker Dealer
Davenport & Company LLC,A0364,VA,Broker Dealer/Municipal Advisor
Huntleigh Securities Corporation,A0850,MO,Broker Dealer
"BlackRock Investments, LLC",A7038,NY,Broker Dealer
BANORTE SECURITIES INTERNATIONAL LTD,A7574,TX,Broker Dealer
Axos Invest LLC,A7563,NV,Broker Dealer
"StateTrust Investments, Inc.",A5865,FL,Broker Dealer
"Northern Lights Distributors, LLC",A7368,NE,Broker Dealer
"FBL Marketing Services, LLC",A6486,IA,Broker Dealer
Paulson Investment LLC,A7428,OR,Broker Dealer
"San Blas Securities, LLC",A7523,IL,Broker Dealer
"Larson Financial Securities, LLC",A7083,MO,Broker Dealer
Safra Securities LLC,A7350,NY,Broker Dealer
Nancy Barron & Associates Inc.,A4075,KY,Broker Dealer
"Joe Jolly & Co., Inc.",A0797,AL,Broker Dealer
Roosevelt & Cross Incorporated,A1218,NY,Broker Dealer/Municipal Advisor
"Hartfield,Titus & Donnelly LLC",A0626,NJ,Broker Dealer
Maxim Group LLC,A6154,NY,Broker Dealer
"BNY Mellon Capital Markets, LLC",A4685,NY,Broker Dealer
"Stifel Independent Advisors, LLC",A3914,MO,Broker Dealer
Allen & Company LLC,A0024,NY,Broker Dealer
"Nelson Securities, Inc.",A5975,WA,Broker Dealer
Tower Principal Markets LLC,A7645,SC,Broker Dealer
Pershing LLC,A0399,NJ,Broker Dealer
"ADVANCED ADVISOR GROUP, LLC.",A6783,MN,Broker Dealer
"First Brokers Securities, LLC",A4066,NJ,Broker Dealer
"Belle Haven Investments, L.P.",A3977,NY,Broker Dealer
"Conners & Co., Inc.",A0304,OH,Broker Dealer
OpenYield Trading LLC,A7630,NY,Broker Dealer
"Ameriprise Financial Services, LLC",A2663,MN,Broker Dealer
J Alden Associates,A4978,PA,Broker Dealer
Sanderlin Securities LLC,A5732,TN,Broker Dealer
"International Money Management Group, Inc",A2442,MD,Broker Dealer
"Alterna Securities, Inc.",A7076,TX,Broker Dealer
TIGRESS FINANCIAL PARTNERS LLC,A7385,NY,Broker Dealer
Cambridge Investment Research,A4785,IA,Broker Dealer
"Investors Brokerage of Texas, Ltd.",A2080,TX,Broker Dealer
E.F.Hutton & Co. LLC,A7663,NM,Broker Dealer
"Uhlmann Price Securities, LLC",A5142,IL,Broker Dealer
"Murray Securities, Inc.",A6819,TX,Broker Dealer
"Herbert J Sims & Co., Inc.",A1481,CT,Broker Dealer/Municipal Advisor
Pinnacle Investments LLC,A6918,NY,Broker Dealer
"Folio Investments, Inc.",A7586,VA,Broker Dealer
"Signal Securities, Inc.",A3373,TX,Broker Dealer
"Monere Investments, Inc.",A7411,IL,Broker Dealer
MGO Securities Corp.,A6185,OH,Broker Dealer
Arvest Wealth Management,A5030,AR,Broker Dealer
"Geneos Wealth Management, Inc.",A6087,CO,Broker Dealer
UBS Securities LLC,A1381,NY,Broker Dealer
Folger Nolan Fleming Douglas,A0516,DC,Broker Dealer
Aurora Securities Inc,A7175,MI,Broker Dealer
"A. P. Securities, Inc.",A6373,NY,Broker Dealer
Feltl & Company,A6072,MN,Broker Dealer
"Rhodes Securities, Inc.",A2796,TX,Broker Dealer
Amuni Financial Inc.,A0039,FL,Broker Dealer
"American Century Investment Services, Inc.",A6158,MO,Broker Dealer
"Sabadell Securities USA, Inc.",A6970,FL,Broker Dealer
Credit Agricole Securities (USA) Inc.,A3238,NY,Broker Dealer
DaVinci Capital Management,A6113,MA,Broker Dealer
"Siebert Williams Shank & Co., LLC",A5074,NY,Broker Dealer/Municipal Advisor
"Ameritas Investment Company, LLC",A2110,NE,Broker Dealer/Municipal Advisor
"LO Thomas & Co., Inc.",A1349,NJ,Broker Dealer
"Quincy Wells Capital, LLC",A7662,IL,Broker Dealer
PNC Capital Markets LLC,A2091,PA,Broker Dealer
"Wintrust Investments, LLC",A0692,IL,Broker Dealer
"World Equity Group, Inc.",A5441,IL,Broker Dealer
"STARK FINANCIAL INDUSTRIES, LLC",A3528,CA,Broker Dealer
Memphis Capital,A5214,TN,Broker Dealer
HSBC Securities (USA) Inc.,A0563,NY,Broker Dealer
S.L. Reed & Company,A6330,CA,Broker Dealer
"World Choice Securities, Inc.",A5405,OH,Broker Dealer
NYLIFE Distributors LLC,A5877,NJ,Broker Dealer
Virtus Capital Markets LLC,A7511,CT,Broker Dealer
"McDonald Partners, LLC",A6687,OH,Broker Dealer
"Leo Brokerage, LLC",A6253,TX,Broker Dealer
Purshe Kaplan Sterling Investments,A4549,NY,Broker Dealer
Cetera Investment Services LLC,A2132,MN,Broker Dealer
"THURSTON, SPRINGER, MILLER, HERD & TITAK, INC.",A1355,IN,Broker Dealer
"Great American Investors, Inc.",A4571,KS,Broker Dealer
Newbridge Securities Corporation,A5833,FL,Broker Dealer
"SF Investments, Inc.",A1330,IL,Broker Dealer
"Bancroft Capital, LLC",A7479,PA,Broker Dealer
Atomic Brokerage LLC,A7609,NY,Broker Dealer
"EMPIRE STATE FINANCIAL, INC.",A7296,NY,Broker Dealer
"Keel Point Capital, LLC",A6518,AL,Broker Dealer
"Guggenheim Funds Distributors, LLC.",A4820,IL,Broker Dealer
"Halliday Financial, LLC",A6580,NY,Broker Dealer
ARK Global LLC,A7413,NY,Broker Dealer/Municipal Advisor
"Franklin Distributors, LLC",A6707,CA,Broker Dealer
"Mainline West Municipal Securities, LLC",A6935,CO,Broker Dealer
"Harvestons Securities, Inc.",A4382,CO,Broker Dealer
The Strategic Alliance Corporation,A4369,NC,Broker Dealer
"Trade-PMR, Inc.",A5402,FL,Broker Dealer
"Pioneer Capital Markets, Inc",A7669,NC,Broker Dealer
Tradeweb LLC,A6797,NY,Broker Dealer
"GBS Retirement Services, Inc.",A6363,IL,Broker Dealer
"Titleist Capital, LLC",A6438,TX,Broker Dealer
Alight Financial Solutions LLC,A6107,NC,Broker Dealer
"US Securities Int'l, Corp",A3712,NY,Broker Dealer
"Nationwide Planning Associates, Inc",A6103,NJ,Broker Dealer
"RNR Securities, L.L.C.",A6002,NY,Broker Dealer
"R.M. Duncan Securities, Inc.",A3333,AR,Broker Dealer
Morgan Stanley & Co. LLC,A1012,NY,Broker Dealer
"LIDO SECURITIES, LLC",A7675,TX,Broker Dealer
Fidelity Distributors Company LLC,A5752,RI,Broker Dealer
Cabot Lodge Securities LLC,A7244,IL,Broker Dealer
"Northland Securities, Inc.",A4861,MN,Broker Dealer/Municipal Advisor
Par5 Capital & Co LLC,A7619,FL,Broker Dealer
"TE Laird Securities, LLC",A7405,MN,Broker Dealer
"Lampert Capitals Market, Inc.",A7634,NY,Broker Dealer
"Rockfleet Financial Services, Inc.",A6991,FL,Broker Dealer/Municipal Advisor
"Rogan & Associates, Inc.",A6032,FL,Broker Dealer
"Cresap, Inc.",A3600,PA,Broker Dealer
"Jane Street Capital, LLC",A7305,NY,Broker Dealer
"Place Trade Financial, Inc.",A6370,NC,Broker Dealer
Innovation Partners LLC,A7505,NC,Broker Dealer
Investment Placement Group,A3944,CA,Broker Dealer
"Truist Securities, Inc.",A0438,GA,Broker Dealer
"Mariva Capital Markets, LLC",A7638,FL,Broker Dealer
"U.S. Bancorp Advisors, LLC",A1847,CA,Broker Dealer
"Noble Capital Markets, Inc.",A4017,FL,Broker Dealer
"Anchor Bay Securities, LLC",A6521,CA,Broker Dealer
Financial Telesis Inc.,A5874,CA,Broker Dealer
"Oak Tree Securities, Inc.",A3870,CA,Broker Dealer
"CreativeOne Securities, LLC",A7099,KS,Broker Dealer
"Ausdal Financial Partners, Inc.",A0069,IA,Broker Dealer
"LPL Enterprise, LLC",A1963,SC,Broker Dealer
First National Bankers Bank,B0360,LA,Bank Dealer
Santander Securities LLC,A4973,MA,Broker Dealer
"Livingston Securities, LLC",A6945,NY,Broker Dealer
TD Financial Products LLC,A7353,IL,Broker Dealer
"Brown & Brown Securities, Inc.",A2125,TX,Broker Dealer
"Ocean Financial Services, LLC",A7529,FL,Broker Dealer
"RW Smith & Associates, LLC",A2246,NJ,Broker Dealer
"Trustmont Financial Group, Inc.",A3315,PA,Broker Dealer
"Strong Capital Markets, LLC",A7618,CT,Broker Dealer
Arthur W Wood Company,A0758,MA,Broker Dealer
"White Mountain Capital, LLC",A5676,FL,Broker Dealer
"Register Financial Associates, Inc.",A4320,GA,Broker Dealer
"First Dallas Securities, Inc.",A3613,TX,Broker Dealer
"Bruce A. Lefavi Securities, Inc.",A5860,UT,Broker Dealer
John Hancock Distributors LLC,A5840,MA,Broker Dealer
"PMA Securities, LLC",A4912,IL,Broker Dealer/Municipal Advisor
"American Global Wealth Management, Inc.",A2605,GA,Broker Dealer
"Ultimus Fund Distributors, LLC",A7640,OH,Broker Dealer
Morgan Stanley Smith Barney LLC,A7007,NY,Broker Dealer
"Chickasaw Securities, LLC",A6485,TN,Broker Dealer
Momentum Independent Network Inc.,A2447,TX,Broker Dealer
"Nelson Ivest Brokerage Services, Inc.",A6178,FL,Broker Dealer
"American Capital Partners, LLC",A6006,NY,Broker Dealer
Moment Markets LLC,A7629,NY,Broker Dealer
Trident Partners Ltd.,A5689,NY,Broker Dealer
"Imperial Capital, LLC",A5148,CA,Broker Dealer
"ICE Securities Execution & Clearing, LLC",A7536,NY,Broker Dealer
"US Bancorp Investments, Inc.",A3500,MN,Broker Dealer
"Invesco Capital Markets, Inc.",A1401,TX,Broker Dealer
VISIONS ANALYSIS LLC,A7466,NY,Broker Dealer
"Glen Eagle Wealth, LLC",A6432,NJ,Broker Dealer
Supreme Alliance LLC,A7633,NC,Broker Dealer
McNally Financial Services Corporation,A6180,TX,Broker Dealer
"AllianceBernstein Investments, Inc.",A5694,TN,Broker Dealer
Equitable Advisors LLC.,A2690,NY,Broker Dealer
"TIAA -CREF Indivdl Inst'l Svcs, LLC",A5341,NC,Broker Dealer
"Security Capital Brokerage, Inc.",A7241,GA,Broker Dealer
"BofA Securities, Inc.",A7519,NY,Broker Dealer
Great Pacific Securities,A4303,CA,Broker Dealer
South State Bank NA,B0470,GA,Bank Dealer
"Financial Sense Securities, Inc.",A5582,CA,Broker Dealer
Arkadios Capital,A7471,GA,Broker Dealer
Marc J. Lane and Company,A2857,IL,Broker Dealer
"Brean Capital, LLC.",A3814,NY,Broker Dealer
KCOE Capital  LLC,A6383,WA,Broker Dealer
"Moors & Cabot, Inc.",A1007,MA,Broker Dealer/Municipal Advisor
"NatAlliance Securities, LLC",A5959,TX,Broker Dealer
"StoneCastle Securities, LLC",A7042,NY,Broker Dealer
StoneX Securities Inc.,A2689,AL,Broker Dealer
CAVU Securities LLC,A7121,NY,Broker Dealer
"Gregory J Schwartz & Co., Inc.",A1272,MI,Broker Dealer
"Wealth Enhancement Brokerage Services, LLC",A6534,MN,Broker Dealer
"Spire Securities, LLC",A6862,VA,Broker Dealer
"Thoroughbred Financial Services, LLC",A5497,TN,Broker Dealer
"World Investments, LLC",A3684,NJ,Broker Dealer
Harbor Investment Advisory LLC,A7043,MD,Broker Dealer
"Stifel, Nicolaus & Company,Inc",A1313,MO,Broker Dealer/Municipal Advisor
A.G.P. / Alliance Global Partners Corp.,A5045,CT,Broker Dealer
"Mack Investment Securities, Inc",A2421,IL,Broker Dealer
"Valmark Securities, Inc.",A5223,OH,Broker Dealer
CGA Securities LLC,A7387,MD,Broker Dealer
&Partners,A0747,TN,Broker Dealer/Municipal Advisor
Quoin Capital LLC,A6847,PA,Broker Dealer
Aon Securities LLC,A6138,IL,Broker Dealer
"Syndicated Capital, Inc.",A4458,CA,Broker Dealer
"Vanderbilt Securities, LLC",A1194,NY,Broker Dealer
SMH CAPITAL INVESTMENTS LLC,A3412,TX,Broker Dealer
"Cardinal Investments, Inc.",A4529,IL,Broker Dealer
"Private Portfolio of San Diego, Inc.",A7087,CA,Broker Dealer
"Preferred Client Group, Inc.",A5767,TX,Broker Dealer
Essex Securities LLC,A6248,NJ,Broker Dealer
"LRB Public Finance Advisors, Inc.",A4774,UT,Broker Dealer/Municipal Advisor
"PTS Brokerage, LLC",A6234,NJ,Broker Dealer
"Home Financial Services, Inc.",A1852,TN,Broker Dealer
"R. Seelaus & Co., LLC",A1887,NJ,Broker Dealer
"VALIC Financial Advisors, Inc",A5652,TX,Broker Dealer
"JOSEPH STONE CAPITAL, LLC",A7417,NY,Broker Dealer
Flagstar Advisors,A5671,NY,Broker Dealer
"First Bankers' Banc Securities, Inc.",A1942,MO,Broker Dealer
"Mutual Securities, Inc.",A1806,CA,Broker Dealer
"Hartford Funds Distributors, LLC",A7266,PA,Broker Dealer
Madison Avenue Securities,A6703,CA,Broker Dealer
"World Capital Brokerage, Inc.",A5796,CO,Broker Dealer
"Cetera Advisors, LLC",A2021,CO,Broker Dealer
"Capital Investment Group, Inc.",A3355,NC,Broker Dealer
"Tandem Securities, Inc.",A6988,KS,Broker Dealer
"Hamilton Cavanaugh Investment Brokers, Inc.",A6787,NY,Broker Dealer
AMERICAN ENTERPRISE INVESTMENT SERVICES INC.,A3666,MN,Broker Dealer
"D.H. Hill Securities, LLLP",A6768,TX,Broker Dealer
AW Securities,A6871,CA,Broker Dealer
"Nortlov Securities, LLC",A7605,GA,Broker Dealer
"Samco Capital Markets, Inc.",A6695,TX,Broker Dealer/Municipal Advisor
"BCG Securities, Inc.",A0085,NJ,Broker Dealer
"Isaak Bond Investments, Inc.",A0727,CO,Broker Dealer
"Perryman Securities, Inc.",A5989,TX,Broker Dealer
"Oberweis Securities, Inc.",A5021,IL,Broker Dealer
"Martin Nelson & Co., Inc.",A1037,WA,Broker Dealer
"Hazlett, Burt & Watson, Inc.",A0632,WV,Broker Dealer
"Transamerica Financial Advisors, LLC",A3831,IA,Broker Dealer
"T.R. Winston & Company, LLC",A1573,NJ,Broker Dealer
AQUAS Financial LLC,A7590,TX,Broker Dealer
American Trust Investment Services,A6446,CA,Broker Dealer
Colorado Financial Service Corp.,A6750,CO,Broker Dealer/Municipal Advisor
"UMB Bank, n.a.",B0286,MO,Bank Dealer
"Higgins Capital Management, Inc.",A5061,CA,Broker Dealer
Cetera Financial Specialists LLC,A1898,IL,Broker Dealer
Packerland Brokerage Services,A5843,WI,Broker Dealer
"Integrity Alliance, LLC",A6776,IA,Broker Dealer
MCG Securities LLC,A7264,PA,Broker Dealer
Old Mission Capital LLC,A7515,IL,Broker Dealer
ARCADIA SECURITIES LLC,A7381,NY,Broker Dealer
Stephens Inc.,A1303,AR,Broker Dealer/Municipal Advisor
"Morgan Wilshire Securities, Inc.",A6406,NY,Broker Dealer
"Hornor, Townsend & Kent, LLC",A1729,PA,Broker Dealer
"Girard Investment Services, LLC",A5468,PA,Broker Dealer
Northwestern Mutual Invmt Svcs,A5864,WI,Broker Dealer
"PKS Securities, Inc.",A5567,NY,Broker Dealer
E. E. Powell & Company,A1137,PA,Broker Dealer
ICE Bonds Securities Corporation,A7480,NY,Broker Dealer
UBS Financial Services,A1091,NY,Broker Dealer
Brighton Securities Corp.,A0174,NY,Broker Dealer
"Darwood Associates, Inc.",A0360,NJ,Broker Dealer
"Wells Fargo Advisors Financial Network, LLC",A2353,MO,Broker Dealer
Trumid Financial LLC,A7503,NY,Broker Dealer
Lightspeed Financial Services Group LLC,A7654,NJ,Broker Dealer
O.N. Equity Sales Company,A3378,OH,Broker Dealer
"TIB, N.A.",B0270,TX,Bank Dealer
"JD Seibert & Company, Inc.",A1287,OH,Broker Dealer
Tradeweb Direct LLC,A5773,NY,Broker Dealer
"The Frazer Lanier Company, Incorporated",A0529,AL,Broker Dealer
Neuberger Berman BD LLC,A1039,NY,Broker Dealer
USCA Securities LLC,A5571,TX,Broker Dealer
L.J. Hart & Company,A4071,MO,Broker Dealer/Municipal Advisor
"Benjamin Securities, Inc.",A0118,FL,Broker Dealer
TD Private Client Wealth LLC,A7285,NY,Broker Dealer
Key Investment Services LLC,A6708,OH,Broker Dealer
"Osaic Services, Inc.",A6645,AZ,Broker Dealer
"Realta Equities, Inc.",A3303,DE,Broker Dealer
Jefferies LLC,A5232,NY,Broker Dealer
"MWA Financial Services, Inc.",A5820,IL,Broker Dealer
"GRB Financial, LLC",A6560,TX,Broker Dealer
"Leigh Baldwin & Co., LLC",A4752,NY,Broker Dealer
Jacques Financial LLC,A5962,MD,Broker Dealer
DFPG Investments LLC,A7339,UT,Broker Dealer
First Liberties Financial,A1877,FL,Broker Dealer
"Securities Management Research, Inc.",A6288,IA,Broker Dealer
United First Partners LLC,A7547,NY,Broker Dealer
PlanMember Securities Corp.,A5799,CA,Broker Dealer
"Oakwood Capital Securities, Inc",A3682,MN,Broker Dealer
"Liberty Partners Financial Services, LLC",A6581,NC,Broker Dealer
U.S. Bank Municipal Products Group,B0475,NY,Bank Dealer
"Federated Securities, Inc.",A5351,NY,Broker Dealer
"Smith, Brown and Groover, Inc.",A0193,GA,Broker Dealer
"Central States Capital Markets, LLC",A7140,KS,Broker Dealer
"Pruco Securities, LLC",A5286,NJ,Broker Dealer
"JBS Liberty Securities, Inc.",A6925,NC,Broker Dealer
"Empower Financial Services, Inc.",A7517,CO,Broker Dealer
Raymond James (USA) Ltd.,A7269,BC,Broker Dealer
TradeStation Securities,A4971,FL,Broker Dealer
"GPWA, LLC",A7555,TN,Broker Dealer
"TradeUP Securities, Inc.",A2770,NY,Broker Dealer
"ESL Investment Services, LLC",A6751,NY,Broker Dealer
A.Bridge-Realvest Securities Corp.,A4892,NJ,Broker Dealer/Municipal Advisor
"First Ballantyne, LLC",A6337,NC,Broker Dealer
"SumRidge Partners, LLC",A7126,NJ,Broker Dealer
BrokerageSelect,A6990,NY,Broker Dealer
"ATIS, Inc.",A6984,IN,Broker Dealer
"Grodsky Associates, Inc.",A3985,NJ,Broker Dealer
"Global Financial Services, LLC",A4446,TX,Broker Dealer
"Investment Planners, Inc.",A5065,IL,Broker Dealer
"Quincy Cass Associates, Inc.",A1157,CA,Broker Dealer
Colliers Securities LLC,A1329,MN,Broker Dealer/Municipal Advisor
Alexander Investment Services Co.,A6379,KY,Broker Dealer
"Halo Securities, LLC",A7463,IL,Broker Dealer
"DAI Securities, LLC",A7532,GA,Broker Dealer
"Guggenheim Securities, LLC",A6789,NY,Broker Dealer/Municipal Advisor
"Vestwell Securities, LLC",A7659,NY,Broker Dealer
"First Command Brokerage Services, Inc.",A6145,TX,Broker Dealer
"Capital Portfolio Management, Inc",A4008,MD,Broker Dealer
"D.B. McKenna & Co., Inc.",A6051,VT,Broker Dealer
"SKA Securities, Inc.",A6094,OH,Broker Dealer
"Valdes & Moreno, Inc.",A4637,MO,Broker Dealer
"Osaic Institutions, Inc.",A4421,CT,Broker Dealer
"PTI Securities & Futures, L.P.",A5779,IL,Broker Dealer
Hilltop Securities Inc.,A1290,TX,Broker Dealer/Municipal Advisor
Middlegate Securities Inc,A3089,NY,Broker Dealer
"Boreal Capital Securities, LLC",A7349,FL,Broker Dealer
"Capital Investment Brokerage, Inc.",A5064,NC,Broker Dealer
"Kovack Securities, Inc.",A5250,FL,Broker Dealer
IUR Securities LLC,A7623,FL,Broker Dealer
"Independence Capital Co., Inc.",A6427,OH,Broker Dealer
Marex Capital Markets Inc.,A7673,NY,Broker Dealer
"Corinthian Partners, L.L.C.",A4916,NY,Broker Dealer
Union Capital Company,A6134,AZ,Broker Dealer
"Weitzel Financial Services, Inc.",A7345,IA,Broker Dealer
"Chapin Davis, Inc.",A3840,MD,Broker Dealer
"Nuveen Securities, LLC",A1062,IL,Broker Dealer
"UMB Financial Services, Inc.",A4589,MO,Broker Dealer/Municipal Advisor
"United Brokerage Services, Inc.",A4786,WV,Broker Dealer
"Holistic Brokerage, LLC.",A5361,FL,Broker Dealer
Benchmark Securities LLC,A7242,FL,Broker Dealer
CU Investment Solutions LLC,A7317,KS,Broker Dealer
Bolton Securities,A7013,MA,Broker Dealer
Oriental Financial Services LLC,A4113,PR,Broker Dealer
"M STEVENS SECURITIES, LLC",A7621,NV,Broker Dealer
"Thrivent Investment Management, Inc.",A5034,MN,Broker Dealer
"PHX Financial, Inc.",A7227,NY,Broker Dealer
"MFR Securities, Inc",A7539,FL,Broker Dealer
Central Trust Bank,B0429,MO,Bank Dealer
"KCD Financial, Inc.",A6440,WI,Broker Dealer
Cantor Fitzgerald & Co.,A6429,NY,Broker Dealer
"Chandler Distribution Services, LLC",A7649,CA,Broker Dealer
"Farmers Financial Solutions, LLC",A5857,CA,Broker Dealer
"Buckman, Buckman & Reid, Inc.",A3317,NJ,Broker Dealer
Palmas Securities,A7583,PR,Broker Dealer
International Research Sec. Inc,A2822,TX,Broker Dealer
"JPMorgan Distribution Services, Inc.",K0403,OH,Broker Dealer
"CBIZ Financial Solutions, Inc.",A2206,OH,Broker Dealer
"Avisen Wealth Management, Inc.",A6362,CA,Broker Dealer
Piper Sandler & Co.,A1126,MN,Broker Dealer/Municipal Advisor
"CFD Investments, Inc.",A5772,IN,Broker Dealer
Apexus Capital LLC,A7449,CA,Broker Dealer
"Capital Client Group, Inc.",A5979,CA,Broker Dealer
Washington Securities Corp.,A5397,MD,Broker Dealer
"ETC Brokerage Services, LLC",A6980,TX,Broker Dealer
"FNBB Capital Markets, LLC",A6676,AL,Broker Dealer
"Arbor Research & Trading, LLC",A7075,IL,Broker Dealer
"St. Bernard Financial Services, Inc.",A4565,AR,Broker Dealer
"Selkirk Investments, Inc.",A2055,WA,Broker Dealer
VP Distributors LLC,A7578,CT,Broker Dealer
American Investors Company,A0036,CA,Broker Dealer
"William Blair & Company, L.L.C.",A0147,IL,Broker Dealer
SIGMA Financial Corporation,A4441,MI,Broker Dealer
Wedbush Securities Inc.,A1436,CA,Broker Dealer
"Principal Funds Distributor, Inc.",A7543,IA,Broker Dealer
"Schlitt Investor Services, Inc",A3346,FL,Broker Dealer
James I Black & Company,A0136,FL,Broker Dealer
"NewEdge Securities, LLC",A1965,PA,Broker Dealer
"LEVEL FOUR FINANCIAL, LLC",A3627,TX,Broker Dealer
"Allen, Mooney & Barnes Brokerage Services, LLC",A6805,GA,Broker Dealer
"The Strategic Financial Alliance, Inc.",A6415,GA,Broker Dealer
Arlington Securities Inc.,A5294,MO,Broker Dealer
"OneAmerica Securities, Inc.",A5227,IN,Broker Dealer
Oppenheimer & Co. Inc.,A0455,NY,Broker Dealer
"Feldstein Financial Group, LLC",A5859,NJ,Broker Dealer
"Honey Badger Investment Securities, LLC",A7448,CA,Broker Dealer
"Garrett Nagle & Co., Inc.",A1036,MA,Broker Dealer
"Navaid Financial Services, Inc.",A5070,NJ,Broker Dealer
FHN Financial Capital Markets,B0144,TN,Bank Dealer
"Fortress Private Ledger, LLC",A7522,NC,Broker Dealer
Vanguard Marketing Corporation,A3104,PA,Broker Dealer
C&C Trading LLC,A7658,CT,Broker Dealer
VectorGlobal WMG,A7044,FL,Broker Dealer
Barclays Capital Inc.,A6566,NY,Broker Dealer/Municipal Advisor
"Cape Securities, Inc.",A0232,GA,Broker Dealer
"KR Securities, LLC",A5374,NJ,Broker Dealer
Teckmeyer Financial Services,A4768,NE,Broker Dealer
"Brownstone Investment Group, LLC",A7236,NY,Broker Dealer
"Scott James Group, Inc.",A5740,VA,Broker Dealer
Financial Northeastern Sec.Inc,A3302,NJ,Broker Dealer
MBS Capital Markets LLC,A7132,FL,Broker Dealer
Associated Investment Services,A0277,WI,Broker Dealer
"Saturna Brokerage Services, Inc.",A2625,WA,Broker Dealer
"The Rockwell Financial Group Inc,",A5639,NY,Broker Dealer
Integral Financial LLC,A6690,CA,Broker Dealer
"Kimelman & Baird, LLC",A0835,NY,Broker Dealer
"CliftonLarsonAllen Wealth Advisors, LLC",A6282,MN,Broker Dealer
"American Independent Securities Grp,LLC",A6672,ID,Broker Dealer
"Westminster Investment Group, Inc.",A6821,PA,Broker Dealer
"TCFG Wealth Management, LLC",A7268,CA,Broker Dealer
"McLaughlin Ryder Investments, Inc.",A7120,VA,Broker Dealer
Four Points Capital Partners LLC,A7298,NJ,Broker Dealer
NewOak Capital Markets LLC,A6400,NY,Broker Dealer
J.P. Morgan Institutional Investments Inc.,K0478,NY,Broker Dealer
"ANOS Capital, LLC.",A7467,NY,Broker Dealer
"Lument Securities, LLC",A3567,OH,Broker Dealer
FMN Capital Corporation,A6091,CA,Broker Dealer
"Sanctuary Securities, Inc.",A1061,FL,Broker Dealer
United Planners'Fin.Svc.of Ame,A2873,AZ,Broker Dealer
PARK PLACE CAPITAL SECURITIES CORP.,A7664,AL,Broker Dealer
"Academy Securities, Inc.",A3858,NY,Broker Dealer
Bettinger & Leech Financial Co,A1784,NJ,Broker Dealer
"Elequin Securities, LLC",A7606,NY,Broker Dealer
"MML Investors Services, LLC",A1893,MA,Broker Dealer
"CL King and Associates, Inc.",A0836,NY,Broker Dealer
Mesirow Financial Inc,A0980,IL,Broker Dealer/Municipal Advisor
State Farm VP Management Corp.,A6386,IL,Broker Dealer
Northern Capital Securities Corporation,A4890,MA,Broker Dealer
"MFS Fund Distributors, Inc.",A5839,MA,Broker Dealer
"Brooklight Place Securities, Inc.",A2362,AZ,Broker Dealer
InspereX LLC,A7579,FL,Broker Dealer
"The Leaders Group, Inc.",A5930,NJ,Broker Dealer
PFS Investments Inc.,A5828,GA,Broker Dealer
"Buttonwood Partners, Inc.",A3743,WI,Broker Dealer
"Ministry Partners Securities, LLC",A7319,CA,Broker Dealer
"NGC Financial, LLC",A6868,NY,Broker Dealer
"Greenbrier Diversified, Inc.",A6022,CA,Broker Dealer
StoneX Financial Inc.,A7327,FL,Broker Dealer
Interactive Brokers LLC,A6912,CT,Broker Dealer
"CIG Securities, Inc.",A6564,MI,Broker Dealer
Edward Jones,A0799,MO,Broker Dealer
Institutional Securities Corp.,A5797,TX,Broker Dealer
Rockefeller Financial LLC,A7521,NY,Broker Dealer
Citigroup Global Markets Inc.,A1487,NY,Broker Dealer
"VISION BROKERAGE SERVICES, LLC",A5803,CT,Broker Dealer
Davis Securities LLC,A6982,NY,Broker Dealer
Joseph Grace,A6658,NY,Broker Dealer
Florida Atlantic Secs. Corp.,A5125,FL,Broker Dealer
Pershing Advisor Solutions LLC,A6341,NJ,Broker Dealer
LANDAAS & COMPANY,A5490,WI,Broker Dealer
Liberty Capital Investment Corporation,A3572,OR,Broker Dealer
"Alexander Capital, L.P.",A6968,NJ,Broker Dealer
"SCH Enterprises, Inc.",A6961,IN,Broker Dealer
Shearson Financial Services LLC,A4749,FL,Broker Dealer
"UHY CAPITAL GROUP, LLC",A6025,MI,Broker Dealer
"Celadon Financial Group, LLC",A4831,NJ,Broker Dealer
Ziv Investment Company,A0777,IL,Broker Dealer
"Crews & Associates, Inc.",A0333,AR,Broker Dealer/Municipal Advisor
"CW Securities, LLC",A6304,TN,Broker Dealer
Chelsea Financial Services,A6106,NY,Broker Dealer
"Gradient Securities, LLC",A7139,MN,Broker Dealer
"Shareholders Service Group, LLC",A6333,CA,Broker Dealer
Alamo Capital,A3686,CA,Broker Dealer
"Northern Trust Securities, Inc.",A0654,IL,Broker Dealer
"Fifth Third Securities, Inc.",A1070,OH,Broker Dealer/Municipal Advisor
"OFG Financial Services, Inc.",A4154,KS,Broker Dealer
"First Southern, LLC,",A7472,PR,Broker Dealer
Starshak Winzenburg & Co,A3857,IL,Broker Dealer/Municipal Advisor
"Investments For You, Inc.",A6933,OH,Broker Dealer
"The GMS Group, LLC",A1006,NJ,Broker Dealer/Municipal Advisor
Odeon Capital Group LLC,A7033,NY,Broker Dealer
Stern Brothers & Co.,A2178,MO,Broker Dealer
SECU Brokerage Services,A6969,NC,Broker Dealer
"MEEDER DISTRIBUTION SERVICES, INC.",A7660,OH,Broker Dealer
"NBC Securities, Inc.",A4744,AL,Broker Dealer
"McDermott Investment Services, LLC",A7134,FL,Broker Dealer
Lombard Securities Inc.,A3836,MD,Broker Dealer
First Manhattan Securities LLC,A0488,NY,Broker Dealer
Investment Security Corporation,A7299,CA,Broker Dealer
"Fortune Financial Services, Inc.",A7147,PA,Broker Dealer
"Bates Securities, Inc.",A6121,IL,Broker Dealer
"Carter, Terry & Company, Inc.",A3116,GA,Broker Dealer
"IFP Securities, LLC",A7538,FL,Broker Dealer
"Brown, Lisle/Cummings, Inc.",A0196,RI,Broker Dealer
"Flow Traders U.S., LLC",A7440,NY,Broker Dealer
Tradition Securities and Derivatives LLC,A5644,NY,Broker Dealer
"Principal Securities, Inc.",A4144,IA,Broker Dealer
"KA Associates, LLC",A4274,CA,Broker Dealer
"Insight Securities, Inc.",A0682,IL,Broker Dealer
Federated Securities Corp.,A6214,PA,Broker Dealer
NI Advisors Inc.,A7118,CA,Broker Dealer
"Ladenburg Thalmann & Co., Inc",A0860,NY,Broker Dealer
"Multi-Bank Securities, Inc.",A3678,MI,Broker Dealer/Municipal Advisor
Network 1 Financial Securities,A1761,NJ,Broker Dealer
"Bonds.com, LLC",A6885,NY,Broker Dealer
"First Western Securities, Inc.",A2800,TX,Broker Dealer
"Gill Capital Partners, LLC",A1819,CO,Broker Dealer
2021 Capital,A7589,IL,Broker Dealer
"Bear Creek Securities, LLC",A6759,CO,Broker Dealer
Firstrade Securities Inc.,A5409,NY,Broker Dealer
"Polar Investment Counsel, Inc.",A5489,MN,Broker Dealer
"Brinker Capital Securities, LLC",A5343,PA,Broker Dealer
"ViewTrade Securities, Inc.",A7456,FL,Broker Dealer
DM Kelly & Company,A4743,IA,Broker Dealer
"XML Securities, LLC",A6927,MD,Broker Dealer
"Sage, Rutty & Co., Inc.",A1249,NY,Broker Dealer
Craft Capital Management LLC,A7408,NY,Broker Dealer
"Capitol Securities Management, Inc.",A2210,VA,Broker Dealer
"Sterling, Grace Municipal Sec.",A1306,NJ,Broker Dealer
"Sanford C Bernstein & Co.,LLC",A0125,TN,Broker Dealer
Mountainside Securities LLC,A7520,NJ,Broker Dealer
Global Oak Capital Markets LLC,A7652,SC,Broker Dealer
"Parkland Securities, LLC",A5924,MI,Broker Dealer
Larimer Capital Corporation,A2649,CO,Broker Dealer
"Zions Direct, Inc.",A3962,UT,Broker Dealer
"Invesco Distributors, Inc",A5938,TX,Broker Dealer
Maine Securities Corporation,A2986,ME,Broker Dealer
"Superior Financial Services, Inc.",A5647,WI,Broker Dealer
"MORETON CAPITAL MARKETS, LLC",A7424,UT,Broker Dealer
"RBC Capital Markets, LLC",A4258,NY,Broker Dealer/Municipal Advisor
John Hancock Investment Management Distributors LLC,A6971,MA,Broker Dealer
"Vestech Securities, Inc.",A6210,MO,Broker Dealer
"Southeast Investments, N.C. Inc.",A5111,NC,Broker Dealer
"Anovest Financial Services, Inc.",A6646,GA,Broker Dealer
"Regional Brokers, Inc.",A7665,PA,Broker Dealer
"American Financial Associates, Inc.",A6233,PA,Broker Dealer
"First Tryon Securities, LLC",A4993,NC,Broker Dealer
"Liberty Associates, Inc.",A7500,NY,Broker Dealer
"Columbia Management Investment Distributors, Inc.",A7084,MA,Broker Dealer
Vision Financial Markets LLC,A6815,CT,Broker Dealer
Wall Street Access,A1418,NY,Broker Dealer
"TrustFirst, Inc.",A4764,TN,Broker Dealer
Seaport Global Securities LLC,A5940,NY,Broker Dealer
"Nestlerode & Loy, Inc.",A1038,PA,Broker Dealer
"Access Financial Group, Inc.",A4335,IL,Broker Dealer
ADVANCED STRATEGIES BROKER DEALER LLC,A7577,TN,Broker Dealer
"Paradigm Equities, Inc.",A6117,MI,Broker Dealer
"VOYA INVESTMENTS DISTRIBUTOR, LLC",A7201,CT,Broker Dealer
"Lenox Financial Services, Inc.",A4502,IL,Broker Dealer
"Kuykendall & Schneider, Inc.",A0854,TX,Broker Dealer
"Investment Network, Inc",A6473,OH,Broker Dealer
"STONECREST CAPITAL MARKETS, INC.",A7441,TX,Broker Dealer
"Coldstream Securities, Inc.",A7432,WA,Broker Dealer
"Secure Planning, LLC.",A6456,NH,Broker Dealer
"Monness, Crespi, Hardt & Co.,",A1000,NY,Broker Dealer
"Cetera Wealth Services, LLC",A1673,CA,Broker Dealer
"Heim, Young & Associates, Inc.",A4981,MO,Broker Dealer
"Kingswood CAPITAL PARTNERS, LLC",A7502,CA,Broker Dealer
"1st Discount Brokerage, Inc.",A4779,FL,Broker Dealer
Webull Financial LLC,A7653,NY,Broker Dealer
USAA Investment Services Company,A1711,TX,Broker Dealer
"Valley Financial Management, Inc.",A5733,NY,Broker Dealer
"Kestra Investment Services, LLC",A5273,TX,Broker Dealer
Sturges Company (The),A2359,FL,Broker Dealer/Municipal Advisor
"Sovereign Global Advisors, LLC",A7429,CO,Broker Dealer
"Hantz Financial Services, Inc.",A5525,MI,Broker Dealer
United Bankers' Bank,B0171,MN,Bank Dealer
"American Veterans Group, PBC",A7495,NY,Broker Dealer
Leerink Partners LLC,A5262,MA,Broker Dealer
Richard Brothers Securities,A5754,ME,Broker Dealer
Securities Equity Group,A5444,CA,Broker Dealer
"International Assets Advisory, LLC",A4089,FL,Broker Dealer
Fidelity Brokerage Services LLC,A0463,RI,Broker Dealer
"Ceros Financial Services, Inc.",A7019,MD,Broker Dealer
"Penrod Financial Services, Inc",A3419,MO,Broker Dealer
Sanders Morris LLC,A2908,TX,Broker Dealer
THOMPSON DAVIS & CO. INC.,A6101,VA,Broker Dealer
Carnes Capital Corporation,A7407,FL,Broker Dealer
"HEG Securities, LLC",A7661,CT,Broker Dealer
"Colonial Securities, Inc.",A0296,NY,Broker Dealer
"Loop Capital Markets, L.L.C.",A5139,IL,Broker Dealer
"Signature Estate Securities, LLC.",A6020,CA,Broker Dealer
Dealerweb LLC,A7211,NJ,Broker Dealer
"METRIC FINANCIAL, LLC",A7637,GA,Broker Dealer
"Kiley Partners, Inc.",A4684,NV,Broker Dealer
"Diversified Resources, LLC",A6316,RI,Broker Dealer
"Consolidated Financial Investments, Inc.",A3188,MO,Broker Dealer
Penserra Securities LLC,A6983,CA,Broker Dealer
"JH Darbie & Co., Inc.",A5141,NY,Broker Dealer
Hennion & Walsh Inc.,A3574,NJ,Broker Dealer
Spencer-Winston Securities Co.,A4243,NY,Broker Dealer
BNY Mellon Securities Corporation,A4545,NY,Broker Dealer
KeyBanc Capital Markets Inc.,A0953,OH,Broker Dealer/Municipal Advisor
Wedbush & Co. LLC,A7657,NY,Broker Dealer
First Kentucky Securities Corporation.,A0487,KY,Broker Dealer/Municipal Advisor
"Silver Oak Securities, Incorporated",A5446,TN,Broker Dealer
Benjamin F. Edwards & Company,A6963,MO,Broker Dealer
"Carl M Hennig, Inc.",A0643,WI,Broker Dealer
HENLEY & COMPANY LLC,A6579,NY,Broker Dealer
"Lincoln Investment Planning, LLC",A4178,PA,Broker Dealer
GA Repple & Company,A2729,FL,Broker Dealer
"CastleOak Securities, LP",A6897,NY,Broker Dealer
"CFS Securities, Inc.",A5729,CT,Broker Dealer
"Glendale Securities, Inc.",A7129,CA,Broker Dealer
"GWN Securities, Inc.",A6505,FL,Broker Dealer
Continental Investor Services,A4047,WA,Broker Dealer
"AOS, Inc.",A6577,IL,Broker Dealer
"B. Riley Securities, Inc.",A7477,CA,Broker Dealer
"RetireOne Investment Services, LLC",A7569,KY,Broker Dealer
"Hudson Heritage Capital Management, Inc.",A6254,NY,Broker Dealer
Huntington Investment Company,A2328,OH,Broker Dealer
"IBN Financial Services, Inc.",A6114,NY,Broker Dealer
"BOKF, NA",B0027,OK,Bank Dealer
Pacific Investment Secs. Corp.,A2176,OR,Broker Dealer
Wilson Parker Connally Stephenson Inc,A2197,TX,Broker Dealer
Scottsdale Capital Advisors,A5991,AZ,Broker Dealer
"AMERANT INVESTMENTS, INC.",A6523,FL,Broker Dealer
"CoreCap Investments, LLC",A5325,MI,Broker Dealer
"Robert W Baird & Co., Inc.",A0079,WI,Broker Dealer/Municipal Advisor
FHN Financial Securities Corp,A7363,TN,Broker Dealer
SEI Investments Distribution Co,A5185,PA,Broker Dealer
"Axiom Capital Management Inc,",A3696,NY,Broker Dealer
"Papamarkou Wellner & Company, Inc.",A6730,NY,Broker Dealer
"Hazard & Siegel, Inc.",A0631,NY,Broker Dealer
"Fortune Securities, Inc.",A6692,CA,Broker Dealer
"Blaylock Van, LLC",A6906,NY,Broker Dealer
"Etico Partners, LLC",A6223,NY,Broker Dealer
Emerson Equity LLC,A6524,CA,Broker Dealer
"Cohen & Company Securities, LLC",A7114,NY,Broker Dealer
"Frost Brokerage Services, Inc.",A5240,TX,Broker Dealer
First Heartland Capital Inc,A4455,MO,Broker Dealer
J.P. Morgan Securities LLC,A0105,NY,Broker Dealer
Kahn Brothers LLC,A0806,NY,Broker Dealer
"Drexel Hamilton, LLC",A7115,NY,Broker Dealer
"Robert Blum Municipals, Inc.",A4721,CA,Broker Dealer
"N.E. Private Client, Ltd.",A6841,RI,Broker Dealer
"Beaconsfield Financial Services, Inc.",A1809,PA,Broker Dealer
First Trust Portfolios L.P.,A3898,IL,Broker Dealer
"T Rowe Price Investment Services, Inc.",A2602,MD,Broker Dealer
"Jones Lang LaSalle Securities, LLC",A7377,IL,Broker Dealer/Municipal Advisor
Buell Securities Corp.,A0198,CT,Broker Dealer
"Pariter Securities, LLC",A7028,PR,Broker Dealer
"BHK Securities, LLC",A6680,AL,Broker Dealer
Ingalls & Snyder LLC,A0706,NY,Broker Dealer
"Midland Securities, Ltd.",A3509,TX,Broker Dealer
Invicta Capital LLC,A7540,PA,Broker Dealer
"Sentinel Securities, Inc.",A6013,MA,Broker Dealer
BNP Paribas Securities Corp.,A6172,NY,Broker Dealer
"First Public, LLC",A6497,TX,Broker Dealer
Wharton MidMarket Securities Inc.,A7421,CT,Broker Dealer
"Monex Securities, Inc.",A7493,TX,Broker Dealer
Advantage Securities LLC,A6855,IL,Broker Dealer
IDB Capital Corp.,A6202,NY,Broker Dealer
"LINCOLN DOUGLAS INVESTMENTS, LLC",A7179,OH,Broker Dealer
"Richards, Merrill & Peterson Inc.",A1193,WA,Broker Dealer
"Worth Financial Group, Inc.",A6536,TX,Broker Dealer
Kensington Capital Corp.,A0823,NY,Broker Dealer
"RF Lafferty and Co., Inc.",A0862,NY,Broker Dealer
"Johnstone Brokerage Services, LLC",A7549,TX,Broker Dealer
"Stratos Wealth Securities, LLC",A7481,OH,Broker Dealer
"Victory Capital Services, Inc.",A7534,OH,Broker Dealer
Synovus Securities Inc.,A1715,GA,Broker Dealer/Municipal Advisor
McClurg Capital Corporation,A2389,CA,Broker Dealer
"Jane Street Execution Services, LLC",A7677,NY,Broker Dealer
Midwestern Secs Trading Co LLC,A5508,IL,Broker Dealer
Valor Financial Securities LLC,A7039,FL,Broker Dealer
Alliant Securities Inc.,A0166,WA,Broker Dealer
"EURO-AMERICAN EQUITIES, INC.",A7676,WA,Broker Dealer
"Gar Wood Securities, LLC",A6576,IL,Broker Dealer
"USI Securities, Inc.",A5246,CT,Broker Dealer
"Peak Brokerage Services, LLC",A7188,FL,Broker Dealer
MOMENTUS SECURITIES LLC,A7628,NY,Broker Dealer/Municipal Advisor
"AE Financial Services, LLC",A7551,KS,Broker Dealer
BBVA Securities Inc.,A7035,NY,Broker Dealer
"Alphaledger Markets, Inc",A7541,WA,Broker Dealer
"Municipal Capital Markets Group, Inc.",A5738,TX,Broker Dealer/Municipal Advisor
BC Ziegler and Company,A0775,IL,Broker Dealer/Municipal Advisor
Beech Hill Securities,A3445,NY,Broker Dealer
Dominari Securities LLC,A3290,NY,Broker Dealer
"Wells Fargo Clearing Services, LLC",A3741,MO,Broker Dealer
"Allied Millennial Partners, LLC",A7258,NY,Broker Dealer
"Amerivet Securities, Inc",A7492,NY,Broker Dealer
SG Long & Company,A5476,MT,Broker Dealer
"J K Financial Services, Inc.",A6948,CA,Broker Dealer
Beta Capital Securities LLC,A6568,FL,Broker Dealer
"Crescent Securities Group, Inc.",A6530,TX,Broker Dealer
"Tribal Capital Markets, LLC",A7406,NY,Broker Dealer
Sentinel Brokers Company,A4887,FL,Broker Dealer
"Landolt Securities, Inc.",A3899,IL,Broker Dealer
MarketAxess Corporation,A7097,NY,Broker Dealer
"Dorn & Co., Inc.",A0400,MN,Broker Dealer
"HighTower Securities, LLC",A6950,IL,Broker Dealer
Coordinated Capital Securities,A3020,WI,Broker Dealer
Bankers Life Securities Inc.,A7412,IL,Broker Dealer
"Cabrera Capital Markets, LLC",A4470,IL,Broker Dealer/Municipal Advisor
Seaport Securities Corporation,A2027,NY,Broker Dealer
Potomac Investment Co,A7162,FL,Broker Dealer
"SMBC Nikko Securities America, Inc.",A4418,NY,Broker Dealer
"Hunter Associates, LLC",A4099,PA,Broker Dealer
Herndon Plant Oakley Ltd.,A5316,TX,Broker Dealer
Mizuho Securities USA LLC,A7394,NY,Broker Dealer
"Port Securities, Inc.",A5238,CA,Broker Dealer
"Centaurus Financial, Inc.",A5276,CA,Broker Dealer
"Lesko Securities, Inc.",A5322,NY,Broker Dealer
OBEX Securities LLC,A6457,NY,Broker Dealer
LB Fisher & Company,A2841,TX,Broker Dealer
"CHURCHILL STATESIDE SECURITIES, LLC.",A7525,IL,Broker Dealer/Municipal Advisor
"Huntington Securities, Inc",A0693,OH,Broker Dealer/Municipal Advisor
Altruist Financial LLC,A7562,TX,Broker Dealer
NW Capital Markets Inc.,A2409,NJ,Broker Dealer
AXOS CLEARING LLC,A5948,NE,Broker Dealer
"WesBanco Securities, Inc.",A5098,OH,Broker Dealer
Sycamore Financial Group,A1768,IN,Broker Dealer
"Equity Services, Inc.",A2272,VT,Broker Dealer
Nest Investments BD LLC,A7507,PA,Broker Dealer
"First Honolulu Securities, Inc",A0695,HI,Broker Dealer
"Bank of America, NA  / MSD",B0019,NY,Bank Dealer
Goldman Sachs & Co. LLC,A0576,NY,Broker Dealer/Municipal Advisor
"ACP Securities, LLC",A6746,FL,Broker Dealer
"Horace Mann Investors, Inc.",A6356,IL,Broker Dealer
"Dinosaur Financial Group, LLC",A6392,NY,Broker Dealer
Janney Montgomery Scott LLC,A0785,PA,Broker Dealer
"Harger & Company, Inc.",A4542,LA,Broker Dealer
Jack V Butterfield Invest.,A0215,MI,Broker Dealer
GVC Capital LLC,A6029,CO,Broker Dealer
REVL Securities LLC,A7484,PA,Broker Dealer
"Regulus Financial Group, LLC",A7338,MI,Broker Dealer
Roberts & Ryan Inc.,A2790,NY,Broker Dealer
Frost Bank Capital Markets,B0358,TX,Bank Dealer/Municipal Advisor
"Thrasher and Chambers, Inc",A6652,AR,Broker Dealer
"Prospera Financial Services, Inc.",A0137,TX,Broker Dealer
"Primerica Brokerage Services, Inc.",A7612,GA,Broker Dealer
"Arete Wealth Management, LLC",A6910,IL,Broker Dealer
"The Jeffrey Matthews Financial Group, L.L.C.",A4990,NJ,Broker Dealer
COUNTRY Capital Management Company,A6755,IL,Broker Dealer
"Private Client Services, LLC",A7023,KY,Broker Dealer
Balanz Capital USA LLC,A7655,FL,Broker Dealer
"WBB Securities, LLC",A5984,CA,Broker Dealer
Romano Brothers & Company,A1214,IL,Broker Dealer
Mirae Asset Securities (USA) Inc.,A7465,NY,Broker Dealer
Berthel Fisher & Co.Fin.Serv.,A1765,IA,Broker Dealer
TD Prime Services LLC,A0538,NY,Broker Dealer
"B. B. Graham & Co., Inc.",A5498,CA,Broker Dealer
Intercoastal Capital Markets Inc.,A0117,FL,Broker Dealer
VBC Securities LLC,A1399,NJ,Broker Dealer
"PWA Securities, LLC",A7608,FL,Broker Dealer
Andrew Garrett Inc.,A4131,NY,Broker Dealer
First Asset Financial Inc.,A6753,KS,Broker Dealer
Bloomberg Tradebook LLC,A7572,NY,Broker Dealer
"Backstrom McCarley Berry & Co., LLC",A6298,CA,Broker Dealer/Municipal Advisor
Navy Federal Investment Services LLC,A6737,VA,Broker Dealer
"Robertson Stephens Capital Markets, LLC",A7531,CA,Broker Dealer
"Northwest Investment Advisors, Inc.",A6137,WA,Broker Dealer
LifeMark Securities Corp,A5760,NY,Broker Dealer
"Parsonex Securities, Inc.",A6875,CO,Broker Dealer
National Bank of Canada Financial Inc.,A7506,NY,Broker Dealer
"Harbour Investments, Inc.",A3229,WI,Broker Dealer
"Susquehanna Financial Group, LLLP",A6739,PA,Broker Dealer
"Performance Trust Capital Partners, LLC",A4481,IL,Broker Dealer
Modern Capital Securities Inc.,A6575,NC,Broker Dealer
"Advisors Asset Management, Inc.",A5434,CO,Broker Dealer
"Westminster Fin'l. Secs., Inc.",A2960,OH,Broker Dealer
"Nationwide Securities, LLC",A6153,OH,Broker Dealer
TP ICAP Global Markets Americas LLC,A6419,NY,Broker Dealer
"Heritage Financial Systems, LLC",A6627,PA,Broker Dealer/Municipal Advisor
M.S. Howells & Co.,A5638,AZ,Broker Dealer
Bankers' Bank Investment Dept.,B0368,WI,Bank Dealer
"Falcon Square Capital, LLC",A7303,NC,Broker Dealer
Institutional Bond Network LLC.,A7419,CA,Broker Dealer/Municipal Advisor
"Nations Financial Group, Inc.",A5177,IA,Broker Dealer
"R.M. Stark & Co., Inc.",A4590,FL,Broker Dealer
"Great Point Capital, LLC",A7594,IL,Broker Dealer
FNB America Securities LLC,A7582,PA,Broker Dealer
"POPULAR SECURITIES, LLC",A1555,PR,Broker Dealer
Broad Street Capital Markets LLC,A5618,NJ,Broker Dealer
"Raymond James & Assoc., Inc.",A1172,FL,Broker Dealer/Municipal Advisor
NYLife Securities LLC,A4166,NY,Broker Dealer
"Cascade Investment Group, Inc.",A4434,CO,Broker Dealer
"Trubee Wealth Advisors, Inc.",A1375,NY,Broker Dealer
"Garden State Securities, Inc.",A5399,NJ,Broker Dealer
"Wilmington Capital Securities, LLC",A6874,NY,Broker Dealer
"GIT Investment Services, Inc.",A1519,VA,Broker Dealer
"SoFi Securities, LLC",A7570,CA,Broker Dealer
"Russell Investments Implementation Services, LLC.",A6238,WA,Broker Dealer
"Bluefin Capital Management, LLC",A7644,NY,Broker Dealer
"Wells Fargo Bank, N.A. Municipal Finance Group",B0474,NC,Bank Dealer
"Muriel Siebert & Co., LLC",A1475,NY,Broker Dealer
"Hoopoe Capital Markets, LLC",A7553,MA,Broker Dealer
Bryant Bank Capital Markets Division,B0510,AL,Bank Dealer
"PeachCap Securities, Inc.",A3649,GA,Broker Dealer
MMA Securities LLC,A7542,NY,Broker Dealer
"Carty, Harding & Hearn, Inc.",A0251,TN,Broker Dealer/Municipal Advisor
US Boston Capital Corporation,A5786,MA,Broker Dealer
"Saxony Securities, Inc.",A5916,MO,Broker Dealer
"Mischler Financial Group, Inc.",A4652,CA,Broker Dealer
"Sunbelt Securities, Inc.",A6587,TX,Broker Dealer
Commerce Bank,B0069,MO,Bank Dealer
"Woodmen Financial Services, Inc.",A6071,NE,Broker Dealer
"U.S. Brokerage, Inc.",A5836,OH,Broker Dealer
"Wellington Shields & Co., LLC",A7053,NY,Broker Dealer
"Truist Investment Services, Inc.",A2748,GA,Broker Dealer
"Northwest Financial Group, LLC",A6916,VA,Broker Dealer
Aegis Capital Corp.,A3490,NY,Broker Dealer
Valley National Investments,A2742,PA,Broker Dealer
Bolton Global Capital,A4603,MA,Broker Dealer
TCBI Securities Inc.,A7604,TX,Broker Dealer/Municipal Advisor
"LaSalle St. Securities, LLC",A0859,IL,Broker Dealer
Samuel A. Ramirez & Company Inc.,A1165,NY,Broker Dealer/Municipal Advisor
"WFS, LLC",A6128,MA,Broker Dealer
"BOK Financial Securities, Inc.",A4700,OK,Broker Dealer/Municipal Advisor
"Charles Schwab & Co., Inc.",A1271,TX,Broker Dealer
"Ascensus Broker Dealer Services, LLC",A5709,MA,Broker Dealer
Buckram Securities Ltd.,A6410,NY,Broker Dealer
"Raymond James Financial Services, Inc.",A0717,FL,Broker Dealer
"Zions Bancorporation, N.A /MSD",B0300,UT,Bank Dealer/Municipal Advisor
"RCX Capital Group, LLC",A7592,TX,Broker Dealer
"M Holdings Securities, Inc.",A5560,OR,Broker Dealer
"Wilson-Davis & Co., Inc.",A3338,UT,Broker Dealer
Copper Financial,A7346,KS,Broker Dealer
James T. Borello & Co.,A6140,IL,Broker Dealer
National Financial Services LLC,A1562,MA,Broker Dealer
"FMSbonds, Inc.",A0489,FL,Broker Dealer
ACA/Prudent Investors Planning Corporation,A6224,NJ,Broker Dealer
TD Securities (USA) LLC,A6962,NY,Broker Dealer
"The Oak Ridge Financial Services Group, Inc.",A5073,MN,Broker Dealer
"Lieblong & Associates, Inc.",A5088,AR,Broker Dealer
"Osaic Wealth, Inc.",A3249,AZ,Broker Dealer
"J.W. Cole Financial, Inc.",A6306,FL,Broker Dealer
"Aventura Securities, LLC",A6808,FL,Broker Dealer
"Founders Financial Securities, LLC",A6727,MD,Broker Dealer
"Wells Fargo Securities, LLC",A6366,NC,Broker Dealer
JW Korth & Company,A3698,MI,Broker Dealer
"Sunstreet Securities, LLC",A6834,AZ,Broker Dealer
"Herold & Lantern Investments, inc.",A4253,NY,Broker Dealer
Park Avenue Securities,A5383,NY,Broker Dealer
"Global Brokerage Services, Inc",A4970,MD,Broker Dealer
Western Growers Financial Services,A6230,CA,Broker Dealer
Apex Clearing Corporation,A7272,TX,Broker Dealer
Rothschild Investment LLC,A1231,IL,Broker Dealer
YR Securities LLC,A7434,VA,Broker Dealer
"WestPark Capital, Inc.",A6144,CA,Broker Dealer
CapFinancial Securities LLC,A6439,NC,Broker Dealer
Deutsche Bank Securities Inc.,A0869,NY,Broker Dealer
Manulife John Hancock Brokerage Services LLC,A7059,MA,Broker Dealer
PNC Wealth Management LLC,A6495,PA,Broker Dealer
MCAP LLC,A7442,NY,Broker Dealer
"US Sterling Securities, Inc.",A4467,NY,Broker Dealer
Concorde Investment Services LLC,A7202,MI,Broker Dealer
"Clear Street, LLC",A7494,NY,Broker Dealer
"DMK ADVISOR GROUP, INC",A4908,FL,Broker Dealer
"Calton & Associates, Inc.",A2912,FL,Broker Dealer
"Coker & Palmer, Inc.",A3989,MS,Broker Dealer
"Maplewood Investments, Inc.",A5574,TX,Broker Dealer
SouthState Securities Corp.,A0748,TN,Broker Dealer/Municipal Advisor
"Merrill Lynch, Pierce, Fenner",A0976,NY,Broker Dealer
"American Heritage Secs., Inc.",A4167,OH,Broker Dealer
"Capital Institutional Services, Inc.",A0236,TX,Broker Dealer
"Commerce Brokerage Services, Inc",A4039,MO,Broker Dealer
"Independent Financial Group, LLC",A0606,CA,Broker Dealer
"Dawson James Securities, Inc.",A6548,FL,Broker Dealer
Joseph Gunnar & Co. LLC,A5164,NY,Broker Dealer
"Centennial Securities Co., Inc",A0255,MI,Broker Dealer
Money Concepts Capital Corp,A3326,FL,Broker Dealer
"W&S Brokerage Services, Inc.",A7380,OH,Broker Dealer
"Lebenthal Financial Services, Inc.",A6731,NY,Broker Dealer
"Smith, Moore and Company",A1492,MO,Broker Dealer
"SWBC Investment Services, LLC",A6622,TX,Broker Dealer
"North South Capital, LLC",A6973,IL,Broker Dealer
"Spartan Capital Securities, LLC",A6901,NY,Broker Dealer
Revere Securities LLC,A2725,NY,Broker Dealer
D.A. Davidson & Co.,A0365,MT,Broker Dealer/Municipal Advisor
"TRB Capital Markets, LLC",A7614,TX,Broker Dealer/Municipal Advisor
The Baker Group LP,A0081,OK,Broker Dealer/Municipal Advisor
Gladowsky Capital Mgmt. Corp.,A5315,NY,Broker Dealer
"Caldwell Sutter Capital, Inc.",A7050,CA,Broker Dealer
"Allstate Financial Svcs., LLC",A5706,NE,Broker Dealer
"Insigneo Securities , LLC",A6343,FL,Broker Dealer
"Regal Securities, Inc.",A2014,IL,Broker Dealer
"ME Allison & Co., Inc.",A0028,TX,Broker Dealer/Municipal Advisor
Riedl First Securities Co. of Kansas,A4199,KS,Broker Dealer
"Steward Partners Investment Solutions, LLC",A0149,OR,Broker Dealer
"Mutual of Omaha Investor Services, Inc.",A5798,NE,Broker Dealer
"Capital Synergy Partners, Inc.",A6979,CA,Broker Dealer
"Planned Financial Programs, Inc.",A6377,NY,Broker Dealer
"Abacus Investments, Inc.",A4454,WI,Broker Dealer
"Voya Financial Advisors, Inc.",A3389,CT,Broker Dealer
"Wulff, Hansen & Company",A0763,CA,Broker Dealer/Municipal Advisor
Searle & Co.,A1776,CT,Broker Dealer
"CINCAP INVESTMENT GROUP, LLC",A7576,OH,Broker Dealer
"Ashton Thomas Securities, LLC.",A4676,NY,Broker Dealer
"Inverness Securities, LLC",A6522,OH,Broker Dealer
CNR Securities LLC,A2781,NY,Broker Dealer
Velocity Clearing LLC,A7581,NJ,Broker Dealer
Ally Invest Securities LLC,A6803,NC,Broker Dealer
Sisung Securities Corporation,A3587,LA,Broker Dealer/Municipal Advisor
"City National Securities, Inc.",A5564,CA,Broker Dealer
"MSEC, LLC",A7142,KS,Broker Dealer
Snowden Account Services LLC,A7307,NY,Broker Dealer
Westco Investment Corp.,A7392,NY,Broker Dealer
B. Riley Wealth Management,A0877,TN,Broker Dealer
Cary Street Partners LLC,A6822,VA,Broker Dealer
"State Street Global Markets, LLC",A7460,MA,Broker Dealer
Barrett & Company,A0097,RI,Broker Dealer
Empire Asset Management Company,A6852,NY,Broker Dealer
Integrated Financial Planning Services,A6541,BW,Broker Dealer
"Laidlaw and Company, UK, Ltd",A6038,NY,Broker Dealer
"Bley Investment Group, Inc.",A4229,TX,Broker Dealer
"Sauer, Dazey Investment Company",A3653,MO,Broker Dealer
"Kimbank Capital Group, LLC",A7666,IL,Broker Dealer
"Portfolio Resources Group, Inc.",A6097,FL,Broker Dealer
New Firm 1,A9998,CA,Broker Dealer
New Firm 2,A9997,NY,Broker Dealer
New Firm 3,A9996,TX,Broker Dealer/Municipal Advisor
New Firm 4,A9995,FL,Broker Dealer
New Firm 5,A9994,IL,Broker Dealer
